TeamNumber,PersonNumber,PlayerIndicator,UniformNumber,Notes
36,66,1,,
36,67,1,,
36,68,1,,
36,69,1,,
36,70,1,,
36,71,1,,
36,72,1,,
36,73,1,,
36,74,1,,
36,75,1,,
36,76,1,,
36,77,1,,
36,117,1,,
36,118,1,,
37,1,1,,
37,2,1,,
37,3,1,,
37,4,1,,
37,5,1,,
37,6,1,,
37,7,1,,
37,8,1,,
37,9,1,,
37,10,1,,
37,11,1,,
37,12,1,,
37,13,1,,
37,133,1,,
37,134,1,,
38,14,1,,
38,15,1,,
38,16,1,,
38,17,1,,
38,18,1,,
38,19,1,,
38,20,1,,
38,21,1,,
38,22,1,,
38,23,1,,
38,24,1,,
38,25,1,,
38,26,1,,
39,27,1,,
39,28,1,,
39,29,1,,
39,30,1,,
39,31,1,,
39,32,1,,
39,33,1,,
39,34,1,,
39,35,1,,
39,36,1,,
39,37,1,,
39,38,1,,
39,39,1,,
39,129,1,,
39,132,1,,
40,40,1,,
40,41,1,,
40,42,1,,
40,43,1,,
40,44,1,,
40,45,1,,
40,46,1,,
40,47,1,,
40,48,1,,
40,49,1,,
40,50,1,,
40,51,1,,
40,52,1,,
40,131,1,,
41,53,1,,
41,54,1,,
41,55,1,,
41,56,1,,
41,57,1,,
41,58,1,,
41,59,1,,
41,60,1,,
41,61,1,,
41,62,1,,
41,63,1,,
41,64,1,,
41,65,1,,
42,78,1,,
42,79,1,,
42,80,1,,
42,81,1,,
42,82,1,,
42,83,1,,
42,84,1,,
42,85,1,,
42,86,1,,
42,87,1,,
42,88,1,,
42,89,1,,
42,90,1,,
42,120,1,,
43,91,1,,
43,92,1,,
43,93,1,,
43,94,1,,
43,95,1,,
43,96,1,,
43,97,1,,
43,98,1,,
43,99,1,,
43,100,1,,
43,101,1,,
43,102,1,,
43,103,1,,
43,119,1,,
43,130,1,,
44,104,1,,
44,105,1,,
44,106,1,,
44,107,1,,
44,108,1,,
44,109,1,,
44,110,1,,
44,111,1,,
44,112,1,,
44,113,1,,
44,114,1,,
44,115,1,,
44,116,1,,
45,4,1,,
45,27,1,,
45,53,1,,
45,58,1,,
45,72,1,,
45,82,1,,
45,83,1,,
45,85,1,,
45,97,1,,
45,117,1,,
46,20,1,,
46,23,1,,
46,49,1,,
46,50,1,,
46,57,1,,
46,60,1,,
46,94,1,,
46,106,1,,
47,22,1,,
47,25,1,,
47,33,1,,
47,37,1,,
47,100,1,,
47,110,1,,
47,112,1,,
47,118,1,,
48,8,1,,
48,19,1,,
48,28,1,,
48,34,1,,
48,36,1,,
48,43,1,,
48,45,1,,
48,92,1,,
48,119,1,,
48,120,1,,
49,18,1,,
49,35,1,,
49,56,1,,
49,96,1,,
49,99,1,,
49,113,1,,
50,5,1,,
50,12,1,,
50,71,1,,
50,78,1,,
50,86,1,,
50,87,1,,
50,104,1,,
51,1,1,,
51,16,1,,
51,24,1,,
51,31,1,,
51,40,1,,
51,62,1,,
51,75,1,,
51,105,1,,
51,108,1,,
51,121,1,,
52,32,1,,
52,41,1,,
52,51,1,,
52,76,1,,
52,89,1,,
52,93,1,,
53,7,1,,
53,17,1,,
53,38,1,,
53,44,1,,
53,63,1,,
53,68,1,,
53,69,1,,
53,70,1,,
53,80,1,,
53,109,1,,
53,122,1,,
54,4,1,,
54,25,1,,
54,37,1,,
54,44,1,,
54,53,1,,
54,58,1,,
54,75,1,,
54,79,1,,
54,82,1,,
54,94,1,,
55,5,1,,
55,11,1,,
55,36,1,,
55,40,1,,
55,41,1,,
55,43,1,,
55,49,1,,
55,62,1,,
55,78,1,,
55,87,1,,
55,99,1,,
55,119,1,,
56,9,1,,
56,19,1,,
56,51,1,,
56,57,1,,
56,60,1,,
56,69,1,,
56,96,1,,
56,120,1,,
57,20,1,,
57,24,1,,
57,27,1,,
57,28,1,,
57,35,1,,
57,71,1,,
57,92,1,,
57,123,1,,
58,10,1,,
58,16,1,,
58,18,1,,
58,22,1,,
58,64,1,,
58,66,1,,
58,72,1,,
58,73,1,,
58,104,1,,
58,113,1,,
58,118,1,,
59,7,1,,
59,17,1,,
59,34,1,,
59,45,1,,
59,70,1,,
59,88,1,,
59,98,1,,
59,105,1,,
59,117,1,,
59,122,1,,
60,4,1,,
60,8,1,,
60,22,1,,
60,24,1,,
60,58,1,,
60,72,1,,
60,86,1,,
60,89,1,,
60,113,1,,
61,7,1,,
61,9,1,,
61,20,1,,
61,27,1,,
61,49,1,,
61,53,1,,
61,68,1,,
61,70,1,,
61,71,1,,
61,78,1,,
61,82,1,,
62,18,1,,
62,21,1,,
62,28,1,,
62,34,1,,
62,36,1,,
62,46,1,,
62,64,1,,
62,92,1,,
62,94,1,,
62,99,1,,
62,118,1,,
63,10,1,,
63,12,1,,
63,19,1,,
63,23,1,,
63,56,1,,
63,57,1,,
63,69,1,,
63,85,1,,
63,104,1,,
64,41,1,,
64,43,1,,
64,50,1,,
64,60,1,,
64,110,1,,
64,117,1,,
64,119,1,,
64,120,1,,
65,1,1,,
65,11,1,,
65,16,1,,
65,17,1,,
65,44,1,,
65,62,1,,
65,66,1,,
65,83,1,,
65,87,1,,
65,123,1,,
66,25,1,,
66,35,1,,
66,37,1,,
66,40,1,,
66,45,1,,
66,59,1,,
66,88,1,,
66,108,1,,
66,122,1,,
66,124,1,,
67,5,1,,
67,31,1,,
67,33,1,,
67,76,1,,
67,80,1,,
67,96,1,,
67,97,1,,
67,98,1,,
67,105,1,,
68,4,1,,
68,8,1,,
68,12,1,,
68,14,1,,
68,25,1,,
68,27,1,,
68,31,1,,
68,93,1,,
68,94,1,,
68,117,1,,
69,1,1,,
69,21,1,,
69,28,1,,
69,33,1,,
69,35,1,,
69,43,1,,
69,56,1,,
69,71,1,,
69,82,1,,
69,92,1,,
69,107,1,,
70,5,1,,
70,11,1,,
70,19,1,,
70,20,1,,
70,44,1,,
70,45,1,,
70,46,1,,
70,47,1,,
70,49,1,,
70,124,1,,
71,24,1,,
71,50,1,,
71,68,1,,
71,96,1,,
71,104,1,,
71,110,1,,
71,113,1,,
72,10,1,,
72,16,1,,
72,17,1,,
72,37,1,,
72,40,1,,
72,60,1,,
72,66,1,,
72,97,1,,
72,99,1,,
72,102,1,,
73,9,1,,
73,22,1,,
73,23,1,,
73,53,1,,
73,62,1,,
73,64,1,,
73,72,1,,
73,79,1,,
73,83,1,,
73,89,1,,
73,105,1,,
73,125,1,,
74,36,1,,
74,70,1,,
74,81,1,,
74,87,1,,
74,108,1,,
74,119,1,,
74,122,1,,
75,51,1,,
75,57,1,,
75,58,1,,
75,59,1,,
75,63,1,,
75,85,1,,
75,100,1,,
75,109,1,,
75,112,1,,
75,118,1,,
76,7,1,,
76,34,1,,
76,38,1,,
76,76,1,,
76,80,1,,
76,84,1,,
76,86,1,,
76,98,1,,
76,106,1,,
77,4,1,,
77,40,1,,
77,57,1,,
77,60,1,,
77,70,1,,
77,73,1,,
77,79,1,,
77,94,1,,
77,99,1,,
77,123,1,,
77,125,1,,
78,3,1,,
78,19,1,,
78,28,1,,
78,43,1,,
78,44,1,,
78,48,1,,
78,56,1,,
78,71,1,,
78,87,1,,
78,92,1,,
79,20,1,,
79,27,1,,
79,35,1,,
79,36,1,,
79,46,1,,
79,49,1,,
79,78,1,,
79,85,1,,
79,119,1,,
79,122,1,,
79,124,1,,
80,5,1,,
80,11,1,,
80,14,1,,
80,16,1,,
80,17,1,,
80,29,1,,
80,34,1,,
80,72,1,,
80,104,1,,
80,126,1,,
81,7,1,,
81,9,1,,
81,18,1,,
81,22,1,,
81,33,1,,
81,51,1,,
81,62,1,,
81,95,1,,
81,127,1,,
82,10,1,,
82,24,1,,
82,30,1,,
82,37,1,,
82,45,1,,
82,53,1,,
82,64,1,,
82,66,1,,
82,68,1,,
82,98,1,,
82,105,1,,
82,112,1,,
83,4,1,,
83,12,1,,
83,14,1,,
83,40,1,,
83,46,1,,
83,54,1,,
83,55,1,,
83,93,1,,
83,120,1,,
84,6,1,,
84,20,1,,
84,28,1,,
84,48,1,,
84,51,1,,
84,56,1,,
84,57,1,,
84,68,1,,
84,88,1,,
84,92,1,,
85,2,1,,
85,9,1,,
85,27,1,,
85,42,1,,
85,49,1,,
85,53,1,,
85,64,1,,
85,70,1,,
85,95,1,,
85,105,1,,
85,110,1,,
85,126,1,,
86,7,1,,
86,8,1,,
86,43,1,,
86,76,1,,
86,82,1,,
86,86,1,,
86,89,1,,
86,100,1,,
86,109,1,,
87,29,1,,
87,34,1,,
87,62,1,,
87,72,1,,
87,78,1,,
87,79,1,,
87,94,1,,
87,99,1,,
87,113,1,,
88,16,1,,
88,18,1,,
88,19,1,,
88,21,1,,
88,24,1,,
88,44,1,,
88,83,1,,
88,85,1,,
88,108,1,,
88,117,1,,
88,123,1,,
89,5,1,,
89,25,1,,
89,31,1,,
89,33,1,,
89,36,1,,
89,50,1,,
89,58,1,,
89,59,1,,
89,112,1,,
90,3,1,,
90,11,1,,
90,17,1,,
90,35,1,,
90,45,1,,
90,60,1,,
90,66,1,,
90,80,1,,
90,98,1,,
90,102,1,,
91,15,1,,
91,22,1,,
91,30,1,,
91,32,1,,
91,37,1,,
91,61,1,,
91,69,1,,
91,71,1,,
91,97,1,,
91,104,1,,
91,128,1,,
92,10,1,,
92,20,1,,
92,35,1,,
92,44,1,,
92,46,1,,
92,49,1,,
92,52,1,,
92,58,1,,
92,79,1,,
92,94,1,,
92,99,1,,
92,120,1,,
93,19,1,,
93,48,1,,
93,54,1,,
93,55,1,,
93,56,1,,
93,60,1,,
93,62,1,,
93,74,1,,
93,92,1,,
93,95,1,,
93,111,1,,
93,133,1,,
93,135,1,,
94,9,1,,
94,11,1,,
94,17,1,,
94,24,1,,
94,42,1,,
94,53,1,,
94,67,1,,
94,87,1,,
94,88,1,,
94,90,1,,
94,101,1,,
94,131,1,,
95,3,1,,
95,16,1,,
95,27,1,,
95,34,1,,
95,36,1,,
95,43,1,,
95,71,1,,
95,85,1,,
95,105,1,,
95,119,1,,
95,130,1,,
95,136,1,,
96,2,1,,
96,14,1,,
96,15,1,,
96,29,1,,
96,64,1,,
96,72,1,,
96,78,1,,
96,98,1,,
96,103,1,,
96,117,1,,
96,118,1,,
96,137,1,,
97,5,1,,
97,7,1,,
97,45,1,,
97,57,1,,
97,70,1,,
97,86,1,,
97,104,1,,
97,112,1,,
97,115,1,,
97,116,1,,
97,138,1,,
97,139,1,,
97,140,1,,
98,4,1,,
98,13,1,,
98,16,1,,
98,23,1,,
98,30,1,,
98,42,1,,
98,44,1,,
98,54,1,,
98,57,1,,
98,80,1,,
98,81,1,,
98,85,1,,
98,117,1,,
98,118,1,,
98,146,1,,
99,9,1,,
99,12,1,,
99,27,1,,
99,28,1,,
99,33,1,,
99,39,1,,
99,50,1,,
99,88,1,,
99,92,1,,
99,101,1,,
99,110,1,,
99,113,1,,
99,117,1,,
99,131,1,,
100,36,1,,
100,41,1,,
100,46,1,,
100,49,1,,
100,52,1,,
100,64,1,,
100,67,1,,
100,68,1,,
100,78,1,,
100,79,1,,
100,82,1,,
100,83,1,,
100,115,1,,
101,8,1,,
101,20,1,,
101,34,1,,
101,35,1,,
101,38,1,,
101,40,1,,
101,43,1,,
101,51,1,,
101,59,1,,
101,66,1,,
101,134,1,,
101,137,1,,
101,139,1,,
101,141,1,,
102,1,1,,
102,10,1,,
102,24,1,,
102,58,1,,
102,70,1,,
102,71,1,,
102,72,1,,
102,74,1,,
102,76,1,,
102,77,1,,
102,100,1,,
102,102,1,,
102,138,1,,
102,142,1,,
103,19,1,,
103,29,1,,
103,53,1,,
103,56,1,,
103,62,1,,
103,75,1,,
103,87,1,,
103,90,1,,
103,94,1,,
103,105,1,,
103,119,1,,
103,120,1,,
103,133,1,,
104,3,1,,
104,5,1,,
104,7,1,,
104,21,1,,
104,45,1,,
104,61,1,,
104,89,1,,
104,98,1,,
104,103,1,,
104,109,1,,
104,111,1,,
104,143,1,,
104,144,1,,
104,147,1,,
105,2,1,,
105,11,1,,
105,14,1,,
105,17,1,,
105,48,1,,
105,55,1,,
105,60,1,,
105,95,1,,
105,97,1,,
105,104,1,,
105,116,1,,
105,130,1,,
105,145,1,,
106,4,1,,
106,8,1,,
106,13,1,,
106,23,1,,
106,33,1,,
106,42,1,,
106,51,1,,
106,58,1,,
106,75,1,,
106,85,1,,
106,93,1,,
106,97,1,,
106,145,1,,
107,41,1,,
107,55,1,,
107,56,1,,
107,64,1,,
107,79,1,,
107,86,1,,
107,92,1,,
107,112,1,,
107,119,1,,
107,139,1,,
107,148,1,,
107,149,1,,
107,150,1,,
108,6,1,,
108,28,1,,
108,36,1,,
108,39,1,,
108,45,1,,
108,53,1,,
108,57,1,,
108,83,1,,
108,100,1,,
108,102,1,,
108,115,1,,
108,138,1,,
108,151,1,,
108,152,1,,
109,2,1,,
109,11,1,,
109,14,1,,
109,20,1,,
109,24,1,,
109,48,1,,
109,49,1,,
109,52,1,,
109,62,1,,
109,108,1,,
109,130,1,,
109,143,1,,
109,153,1,,
110,17,1,,
110,19,1,,
110,59,1,,
110,60,1,,
110,61,1,,
110,65,1,,
110,66,1,,
110,67,1,,
110,68,1,,
110,101,1,,
110,105,1,,
110,118,1,,
110,133,1,,
111,5,1,,
111,9,1,,
111,22,1,,
111,26,1,,
111,34,1,,
111,46,1,,
111,50,1,,
111,63,1,,
111,72,1,,
111,95,1,,
111,110,1,,
111,154,1,,
111,155,1,,
112,1,1,,
112,25,1,,
112,43,1,,
112,44,1,,
112,70,1,,
112,71,1,,
112,76,1,,
112,77,1,,
112,78,1,,
112,80,1,,
112,94,1,,
112,107,1,,
112,121,1,,
112,158,1,,
113,7,1,,
113,30,1,,
113,38,1,,
113,47,1,,
113,74,1,,
113,81,1,,
113,82,1,,
113,88,1,,
113,98,1,,
113,103,1,,
113,111,1,,
113,137,1,,
113,144,1,,
114,3,1,,
114,10,1,,
114,12,1,,
114,27,1,,
114,35,1,,
114,54,1,,
114,104,1,,
114,114,1,,
114,116,1,,
114,125,1,,
114,131,1,,
114,156,1,,
114,157,1,,
115,3,1,,
115,9,1,,
115,17,1,,
115,35,1,,
115,42,1,,
115,45,1,,
115,55,1,,
115,67,1,,
115,92,1,,
115,150,1,,
115,151,1,,
115,159,1,,
115,160,1,,
116,2,1,,
116,4,1,,
116,11,1,,
116,28,1,,
116,33,1,,
116,39,1,,
116,44,1,,
116,46,1,,
116,48,1,,
116,82,1,,
116,88,1,,
116,105,1,,
116,154,1,,
116,161,1,,
117,27,1,,
117,36,1,,
117,49,1,,
117,52,1,,
117,57,1,,
117,66,1,,
117,70,1,,
117,81,1,,
117,113,1,,
117,119,1,,
117,137,1,,
117,144,1,,
118,6,1,,
118,10,1,,
118,30,1,,
118,54,1,,
118,62,1,,
118,64,1,,
118,79,1,,
118,98,1,,
118,100,1,,
118,101,1,,
118,103,1,,
118,117,1,,
118,127,1,,
118,131,1,,
119,5,1,,
119,19,1,,
119,34,1,,
119,51,1,,
119,71,1,,
119,74,1,,
119,78,1,,
119,85,1,,
119,104,1,,
119,116,1,,
119,121,1,,
119,133,1,,
120,4,1,,
120,11,1,,
120,13,1,,
120,24,1,,
120,33,1,,
120,59,1,,
120,79,1,,
120,82,1,,
120,101,1,,
120,111,1,,
120,121,1,,
120,161,1,,
120,162,1,,
121,6,1,,
121,19,1,,
121,25,1,,
121,45,1,,
121,64,1,,
121,67,1,,
121,71,1,,
121,92,1,,
121,113,1,,
121,133,1,,
121,150,1,,
121,163,1,,
121,164,1,,
122,3,1,,
122,28,1,,
122,36,1,,
122,38,1,,
122,39,1,,
122,68,1,,
122,75,1,,
122,81,1,,
122,109,1,,
122,120,1,,
122,154,1,,
122,155,1,,
122,156,1,,
122,157,1,,
123,9,1,,
123,41,1,,
123,42,1,,
123,46,1,,
123,49,1,,
123,52,1,,
123,61,1,,
123,76,1,,
123,97,1,,
123,115,1,,
123,117,1,,
123,151,1,,
123,165,1,,
124,5,1,,
124,30,1,,
124,48,1,,
124,54,1,,
124,72,1,,
124,80,1,,
124,86,1,,
124,100,1,,
124,112,1,,
124,131,1,,
124,166,1,,
124,167,1,,
124,168,1,,
125,16,1,,
125,17,1,,
125,20,1,,
125,34,1,,
125,55,1,,
125,57,1,,
125,66,1,,
125,74,1,,
125,78,1,,
125,110,1,,
125,143,1,,
125,159,1,,
125,160,1,,
125,169,1,,
126,1,1,,
126,10,1,,
126,14,1,,
126,60,1,,
126,70,1,,
126,85,1,,
126,88,1,,
126,95,1,,
126,98,1,,
126,102,1,,
126,103,1,,
126,137,1,,
126,144,1,,
126,173,1,,
127,7,1,,
127,12,1,,
127,27,1,,
127,51,1,,
127,62,1,,
127,104,1,,
127,116,1,,
127,118,1,,
127,119,1,,
127,148,1,,
127,170,1,,
127,171,1,,
127,172,1,,
128,4,1,,
128,13,1,,
128,20,1,,
128,62,1,,
128,67,1,,
128,72,1,,
128,83,1,,
128,93,1,,
128,102,1,,
128,110,1,,
128,121,1,,
128,151,1,,
128,170,1,,
129,9,1,,
129,30,1,,
129,45,1,,
129,64,1,,
129,71,1,,
129,74,1,,
129,92,1,,
129,95,1,,
129,97,1,,
129,117,1,,
129,118,1,,
129,150,1,,
129,167,1,,
129,172,1,,
129,178,1,,
130,5,1,,
130,12,1,,
130,28,1,,
130,33,1,,
130,36,1,,
130,39,1,,
130,82,1,,
130,109,1,,
130,112,1,,
130,144,1,,
130,154,1,,
130,173,1,,
131,11,1,,
131,41,1,,
131,42,1,,
131,46,1,,
131,48,1,,
131,49,1,,
131,52,1,,
131,76,1,,
131,111,1,,
131,115,1,,
131,163,1,,
131,165,1,,
132,16,1,,
132,19,1,,
132,47,1,,
132,59,1,,
132,60,1,,
132,61,1,,
132,65,1,,
132,78,1,,
132,85,1,,
132,100,1,,
132,107,1,,
132,133,1,,
133,25,1,,
133,34,1,,
133,57,1,,
133,66,1,,
133,86,1,,
133,113,1,,
133,143,1,,
133,149,1,,
133,155,1,,
133,156,1,,
133,166,1,,
133,169,1,,
134,3,1,,
134,10,1,,
134,23,1,,
134,24,1,,
134,35,1,,
134,68,1,,
134,70,1,,
134,77,1,,
134,80,1,,
134,119,1,,
134,120,1,,
134,174,1,,
135,1,1,,
135,38,1,,
135,51,1,,
135,55,1,,
135,98,1,,
135,101,1,,
135,103,1,,
135,105,1,,
135,126,1,,
135,137,1,,
135,152,1,,
135,175,1,,
135,179,1,,
136,2,1,,
136,14,1,,
136,75,1,,
136,81,1,,
136,104,1,,
136,114,1,,
136,116,1,,
136,131,1,,
136,148,1,,
136,157,1,,
136,176,1,,
136,177,1,,
137,4,1,,
137,13,1,,
137,16,1,,
137,51,1,,
137,66,1,,
137,67,1,,
137,85,1,,
137,104,1,,
137,112,1,,
137,120,1,,
137,163,1,,
137,177,1,,
137,180,1,,
137,186,1,,
138,9,1,,
138,34,1,,
138,79,1,,
138,82,1,,
138,92,1,,
138,144,1,,
138,150,1,,
138,151,1,,
138,160,1,,
138,166,1,,
138,178,1,,
138,181,1,,
138,185,1,,
139,28,1,,
139,33,1,,
139,35,1,,
139,36,1,,
139,39,1,,
139,46,1,,
139,54,1,,
139,60,1,,
139,64,1,,
139,159,1,,
139,161,1,,
139,182,1,,
140,3,1,,
140,5,1,,
140,14,1,,
140,19,1,,
140,49,1,,
140,52,1,,
140,57,1,,
140,71,1,,
140,78,1,,
140,111,1,,
140,115,1,,
140,183,1,,
141,42,1,,
141,62,1,,
141,70,1,,
141,77,1,,
141,81,1,,
141,100,1,,
141,101,1,,
141,117,1,,
141,119,1,,
141,121,1,,
141,133,1,,
141,184,1,,
142,1,1,,
142,11,1,,
142,24,1,,
142,48,1,,
142,55,1,,
142,72,1,,
142,88,1,,
142,98,1,,
142,103,1,,
142,105,1,,
142,126,1,,
142,131,1,,
142,137,1,,
142,187,1,,
143,1,1,,
143,4,1,,
143,13,1,,
143,34,1,,
143,54,1,,
143,95,1,,
143,131,1,,
143,133,1,,
143,137,1,,
143,143,1,,
143,151,1,,
143,180,1,,
144,3,1,,
144,9,1,,
144,11,1,,
144,28,1,,
144,36,1,,
144,39,1,,
144,46,1,,
144,48,1,,
144,74,1,,
144,75,1,,
144,105,1,,
144,113,1,,
144,183,1,,
145,10,1,,
145,12,1,,
145,38,1,,
145,49,1,,
145,52,1,,
145,59,1,,
145,83,1,,
145,144,1,,
145,153,1,,
145,167,1,,
145,174,1,,
145,188,1,,
146,5,1,,
146,42,1,,
146,72,1,,
146,76,1,,
146,80,1,,
146,86,1,,
146,112,1,,
146,117,1,,
146,130,1,,
146,168,1,,
146,177,1,,
146,185,1,,
147,20,1,,
147,24,1,,
147,25,1,,
147,41,1,,
147,51,1,,
147,67,1,,
147,81,1,,
147,88,1,,
147,121,1,,
147,170,1,,
147,187,1,,
147,189,1,,
147,190,1,,
148,16,1,,
148,30,1,,
148,57,1,,
148,61,1,,
148,78,1,,
148,110,1,,
148,149,1,,
148,157,1,,
148,159,1,,
148,160,1,,
148,163,1,,
148,169,1,,
148,191,1,,
149,35,1,,
149,60,1,,
149,66,1,,
149,70,1,,
149,71,1,,
149,82,1,,
149,103,1,,
149,108,1,,
149,165,1,,
149,166,1,,
149,181,1,,
149,186,1,,
149,192,1,,
150,14,1,,
150,68,1,,
150,100,1,,
150,101,1,,
150,104,1,,
150,115,1,,
150,116,1,,
150,119,1,,
150,126,1,,
150,178,1,,
150,193,1,,
150,194,1,,
151,4,1,,
151,13,1,,
151,14,1,,
151,20,1,,
151,79,1,,
151,100,1,,
151,101,1,,
151,137,1,,
151,176,1,,
151,180,1,,
151,187,1,,
151,193,1,,
151,195,1,,
152,21,1,,
152,23,1,,
152,28,1,,
152,34,1,,
152,36,1,,
152,39,1,,
152,62,1,,
152,75,1,,
152,83,1,,
152,107,1,,
152,123,1,,
152,153,1,,
152,167,1,,
152,172,1,,
152,191,1,,
153,1,1,,
153,11,1,,
153,46,1,,
153,47,1,,
153,48,1,,
153,49,1,,
153,52,1,,
153,80,1,,
153,115,1,,
153,133,1,,
153,178,1,,
153,185,1,,
153,196,1,,
154,24,1,,
154,59,1,,
154,60,1,,
154,65,1,,
154,67,1,,
154,68,1,,
154,71,1,,
154,117,1,,
154,118,1,,
154,144,1,,
154,152,1,,
154,163,1,,
154,170,1,,
154,175,1,,
155,2,1,,
155,10,1,,
155,25,1,,
155,51,1,,
155,61,1,,
155,81,1,,
155,82,1,,
155,112,1,,
155,143,1,,
155,156,1,,
155,166,1,,
155,177,1,,
155,190,1,,
156,5,1,,
156,42,1,,
156,57,1,,
156,69,1,,
156,70,1,,
156,72,1,,
156,76,1,,
156,114,1,,
156,121,1,,
156,165,1,,
156,169,1,,
156,181,1,,
156,188,1,,
157,7,1,,
157,16,1,,
157,35,1,,
157,55,1,,
157,74,1,,
157,86,1,,
157,93,1,,
157,102,1,,
157,119,1,,
157,126,1,,
157,151,1,,
157,179,1,,
157,197,1,,
158,30,1,,
158,38,1,,
158,41,1,,
158,88,1,,
158,97,1,,
158,113,1,,
158,171,1,,
158,173,1,,
158,174,1,,
158,198,1,,
158,199,1,,
158,200,1,,
158,201,1,,
158,206,1,,
159,54,1,,
159,78,1,,
159,104,1,,
159,110,1,,
159,116,1,,
159,131,1,,
159,147,1,,
159,149,1,,
159,159,1,,
159,202,1,,
159,203,1,,
159,204,1,,
159,205,1,,
161,5,1,,
161,26,1,,
161,36,1,,
161,42,1,,
161,70,1,,
161,74,1,,
161,79,1,,
161,82,1,,
161,131,1,,
161,133,1,,
161,166,1,,
161,180,1,,
162,11,1,,
162,24,1,,
162,51,1,,
162,66,1,,
162,67,1,,
162,118,1,,
162,123,1,,
162,144,1,,
162,159,1,,
162,170,1,,
162,190,1,,
162,207,1,,
163,4,1,,
163,9,1,,
163,57,1,,
163,68,1,,
163,72,1,,
163,100,1,,
163,137,1,,
163,169,1,,
163,174,1,,
163,181,1,,
163,208,1,,
163,209,1,,
164,34,1,,
164,46,1,,
164,62,1,,
164,71,1,,
164,121,1,,
164,178,1,,
164,187,1,,
164,196,1,,
164,202,1,,
164,205,1,,
164,210,1,,
164,211,1,,
165,2,1,,
165,16,1,,
165,48,1,,
165,78,1,,
165,88,1,,
165,112,1,,
165,115,1,,
165,117,1,,
165,126,1,,
165,136,1,,
165,151,1,,
165,193,1,,
166,4,1,,
166,9,1,,
166,13,1,,
166,14,1,,
166,42,1,,
166,74,1,,
166,100,1,,
166,137,1,,
166,151,1,,
166,165,1,,
166,170,1,,
166,187,1,,
166,193,1,,
166,212,1,,
167,1,1,,
167,34,1,,
167,62,1,,
167,82,1,,
167,131,1,,
167,135,1,,
167,153,1,,
167,166,1,,
167,167,1,,
167,202,1,,
167,205,1,,
167,207,1,,
167,213,1,,
168,10,1,,
168,32,1,,
168,35,1,,
168,51,1,,
168,56,1,,
168,59,1,,
168,61,1,,
168,101,1,,
168,110,1,,
168,143,1,,
168,178,1,,
168,190,1,,
168,210,1,,
169,3,1,,
169,23,1,,
169,24,1,,
169,26,1,,
169,30,1,,
169,75,1,,
169,78,1,,
169,102,1,,
169,104,1,,
169,112,1,,
169,156,1,,
169,163,1,,
169,180,1,,
169,185,1,,
169,199,1,,
169,214,1,,
169,220,1,,
170,5,1,,
170,38,1,,
170,46,1,,
170,48,1,,
170,55,1,,
170,57,1,,
170,67,1,,
170,72,1,,
170,117,1,,
170,160,1,,
170,169,1,,
170,173,1,,
170,181,1,,
170,191,1,,
170,196,1,,
170,218,1,,
171,36,1,,
171,41,1,,
171,68,1,,
171,88,1,,
171,95,1,,
171,105,1,,
171,111,1,,
171,113,1,,
171,126,1,,
171,133,1,,
171,174,1,,
171,195,1,,
171,198,1,,
171,201,1,,
171,219,1,,
172,11,1,,
172,66,1,,
172,70,1,,
172,76,1,,
172,77,1,,
172,81,1,,
172,115,1,,
172,144,1,,
172,184,1,,
172,188,1,,
172,206,1,,
172,208,1,,
172,215,1,,
172,218,1,,
173,4,1,,
173,9,1,,
173,13,1,,
173,14,1,,
173,38,1,,
173,66,1,,
173,81,1,,
173,137,1,,
173,147,1,,
173,156,1,,
173,180,1,,
173,193,1,,
173,223,1,,
174,30,1,,
174,34,1,,
174,39,1,,
174,46,1,,
174,117,1,,
174,185,1,,
174,191,1,,
174,202,1,,
174,213,1,,
174,224,1,,
174,225,1,,
174,226,1,,
174,234,1,,
175,47,1,,
175,62,1,,
175,100,1,,
175,112,1,,
175,135,1,,
175,159,1,,
175,163,1,,
175,165,1,,
175,166,1,,
175,175,1,,
175,178,1,,
175,218,1,,
176,23,1,,
176,24,1,,
176,26,1,,
176,36,1,,
176,57,1,,
176,70,1,,
176,72,1,,
176,198,1,,
176,204,1,,
176,205,1,,
176,206,1,,
176,208,1,,
177,2,1,,
177,11,1,,
177,51,1,,
177,59,1,,
177,61,1,,
177,88,1,,
177,114,1,,
177,118,1,,
177,173,1,,
177,190,1,,
177,210,1,,
177,214,1,,
177,227,1,,
178,1,1,,
178,110,1,,
178,111,1,,
178,126,1,,
178,133,1,,
178,149,1,,
178,151,1,,
178,170,1,,
178,174,1,,
178,176,1,,
178,188,1,,
178,228,1,,
179,10,1,,
179,35,1,,
179,76,1,,
179,83,1,,
179,105,1,,
179,107,1,,
179,113,1,,
179,131,1,,
179,152,1,,
179,160,1,,
179,201,1,,
179,229,1,,
180,3,1,,
180,42,1,,
180,67,1,,
180,75,1,,
180,78,1,,
180,86,1,,
180,115,1,,
180,153,1,,
180,167,1,,
180,181,1,,
180,187,1,,
180,230,1,,
180,231,1,,
181,5,1,,
181,48,1,,
181,68,1,,
181,82,1,,
181,93,1,,
181,101,1,,
181,104,1,,
181,116,1,,
181,143,1,,
181,144,1,,
181,204,1,,
181,207,1,,
181,212,1,,
181,232,1,,
181,233,1,,
182,4,1,,
182,10,1,,
182,13,1,,
182,14,1,,
182,78,1,,
182,159,1,,
182,160,1,,
182,193,1,,
182,202,1,,
182,205,1,,
182,212,1,,
182,235,1,,
182,236,1,,
183,62,1,,
183,72,1,,
183,82,1,,
183,88,1,,
183,107,1,,
183,135,1,,
183,143,1,,
183,151,1,,
183,167,1,,
183,196,1,,
183,200,1,,
183,237,1,,
183,238,1,,
183,252,1,,
184,5,1,,
184,11,1,,
184,35,1,,
184,38,1,,
184,59,1,,
184,81,1,,
184,100,1,,
184,131,1,,
184,166,1,,
184,168,1,,
184,239,1,,
184,240,1,,
184,241,1,,
185,23,1,,
185,26,1,,
185,34,1,,
185,42,1,,
185,68,1,,
185,76,1,,
185,110,1,,
185,126,1,,
185,149,1,,
185,188,1,,
185,191,1,,
185,242,1,,
185,243,1,,
185,254,1,,
185,255,1,,
186,2,1,,
186,30,1,,
186,51,1,,
186,85,1,,
186,112,1,,
186,115,1,,
186,190,1,,
186,204,1,,
186,213,1,,
186,218,1,,
186,227,1,,
186,231,1,,
186,233,1,,
186,253,1,,
187,3,1,,
187,16,1,,
187,41,1,,
187,46,1,,
187,57,1,,
187,101,1,,
187,102,1,,
187,169,1,,
187,178,1,,
187,181,1,,
187,185,1,,
187,244,1,,
187,245,1,,
188,80,1,,
188,111,1,,
188,144,1,,
188,147,1,,
188,153,1,,
188,187,1,,
188,207,1,,
188,224,1,,
188,228,1,,
188,246,1,,
188,247,1,,
188,248,1,,
189,1,1,,
189,9,1,,
189,61,1,,
189,70,1,,
189,77,1,,
189,133,1,,
189,163,1,,
189,180,1,,
189,210,1,,
189,249,1,,
189,250,1,,
189,251,1,,
190,67,1,,
190,104,1,,
190,105,1,,
190,113,1,,
190,116,1,,
190,118,1,,
190,137,1,,
190,170,1,,
190,174,1,,
190,195,1,,
190,206,1,,
190,226,1,,
190,254,1,,
191,70,1,,
191,74,1,,
191,237,1,,
192,5,1,,
192,82,1,,
192,115,1,,
193,166,1,,
193,174,1,,
193,187,1,,
193,224,1,,
193,244,1,,
193,249,1,,
194,9,1,,
194,11,1,,
194,36,1,,
194,123,1,,
194,144,1,,
194,165,1,,
194,170,1,,
194,195,1,,
194,209,1,,
195,101,1,,
195,151,1,,
195,180,1,,
195,193,1,,
196,42,1,,
196,105,1,,
196,213,1,,
196,233,1,,
197,46,1,,
197,250,1,,
198,30,1,,
198,210,1,,
198,226,1,,
199,10,1,,
199,14,1,,
199,82,1,,
199,247,1,,
200,75,1,,
200,137,1,,
200,163,1,,
200,218,1,,
201,3,1,,
201,34,1,,
201,35,1,,
201,113,1,,
201,121,1,,
201,160,1,,
201,191,1,,
201,202,1,,
202,62,1,,
202,72,1,,
202,76,1,,
202,78,1,,
202,131,1,,
202,185,1,,
202,208,1,,
203,36,1,,
203,112,1,,
203,178,1,,
203,181,1,,
204,57,1,,
204,82,1,,
204,104,1,,
204,133,1,,
204,227,1,,
204,231,1,,
204,245,1,,
205,51,1,,
205,67,1,,
205,85,1,,
205,88,1,,
205,113,1,,
205,205,1,,
205,212,1,,
206,4,1,,
206,13,1,,
206,38,1,,
206,75,1,,
206,82,1,,
206,93,1,,
206,173,1,,
206,204,1,,
206,224,1,,
206,236,1,,
206,237,1,,
206,244,1,,
207,2,1,,
207,10,1,,
207,62,1,,
207,67,1,,
207,85,1,,
207,135,1,,
207,166,1,,
207,167,1,,
207,175,1,,
207,181,1,,
207,229,1,,
207,238,1,,
207,263,1,,
207,264,1,,
208,9,1,,
208,23,1,,
208,26,1,,
208,76,1,,
208,78,1,,
208,121,1,,
208,126,1,,
208,151,1,,
208,180,1,,
208,191,1,,
208,196,1,,
208,202,1,,
208,245,1,,
209,46,1,,
209,51,1,,
209,112,1,,
209,144,1,,
209,149,1,,
209,153,1,,
209,159,1,,
209,190,1,,
209,210,1,,
209,213,1,,
209,227,1,,
209,243,1,,
209,247,1,,
209,256,1,,
210,5,1,,
210,16,1,,
210,57,1,,
210,59,1,,
210,74,1,,
210,101,1,,
210,111,1,,
210,118,1,,
210,185,1,,
210,207,1,,
210,228,1,,
210,233,1,,
210,240,1,,
210,253,1,,
210,265,1,,
211,70,1,,
211,77,1,,
211,80,1,,
211,100,1,,
211,114,1,,
211,137,1,,
211,156,1,,
211,165,1,,
211,177,1,,
211,205,1,,
211,212,1,,
211,218,1,,
211,248,1,,
211,252,1,,
211,266,1,,
212,30,1,,
212,102,1,,
212,105,1,,
212,107,1,,
212,113,1,,
212,152,1,,
212,163,1,,
212,176,1,,
212,198,1,,
212,208,1,,
212,214,1,,
212,231,1,,
212,241,1,,
212,255,1,,
212,257,1,,
212,267,1,,
213,14,1,,
213,35,1,,
213,115,1,,
213,160,1,,
213,174,1,,
213,187,1,,
213,200,1,,
213,225,1,,
213,226,1,,
213,230,1,,
213,246,1,,
213,250,1,,
213,258,1,,
214,42,1,,
214,104,1,,
214,116,1,,
214,131,1,,
214,133,1,,
214,170,1,,
214,249,1,,
214,254,1,,
214,259,1,,
214,260,1,,
214,261,1,,
214,262,1,,
215,166,1,,
215,202,1,,
215,269,1,,
216,14,1,,
216,30,1,,
216,105,1,,
216,117,1,,
216,209,1,,
216,245,1,,
217,46,1,,
217,82,1,,
217,85,1,,
218,57,1,,
218,163,1,,
218,193,1,,
218,205,1,,
218,250,1,,
219,126,1,,
219,131,1,,
219,227,1,,
219,246,1,,
219,259,1,,
220,165,1,,
220,174,1,,
220,185,1,,
220,233,1,,
220,255,1,,
221,224,1,,
221,226,1,,
221,260,1,,
222,74,1,,
222,180,1,,
222,195,1,,
222,243,1,,
223,10,1,,
223,16,1,,
223,35,1,,
223,75,1,,
223,159,1,,
223,160,1,,
223,247,1,,
223,252,1,,
223,271,1,,
224,9,1,,
224,187,1,,
224,210,1,,
225,14,1,,
225,78,1,,
225,144,1,,
225,231,1,,
225,248,1,,
226,10,1,,
226,41,1,,
226,70,1,,
226,212,1,,
226,237,1,,
227,111,1,,
227,170,1,,
227,191,1,,
227,196,1,,
227,213,1,,
228,51,1,,
228,67,1,,
228,68,1,,
228,112,1,,
228,137,1,,
228,218,1,,
228,240,1,,
228,252,1,,
228,254,1,,
228,268,1,,
229,2,1,,
229,62,1,,
229,79,1,,
229,160,1,,
229,177,1,,
229,263,1,,
229,265,1,,
230,13,1,,
230,46,1,,
230,59,1,,
230,78,1,,
230,166,1,,
230,187,1,,
230,196,1,,
230,204,1,,
230,207,1,,
230,213,1,,
230,231,1,,
230,236,1,,
230,255,1,,
230,259,1,,
231,9,1,,
231,39,1,,
231,57,1,,
231,76,1,,
231,117,1,,
231,121,1,,
231,126,1,,
231,144,1,,
231,167,1,,
231,191,1,,
231,238,1,,
231,243,1,,
231,261,1,,
232,14,1,,
232,35,1,,
232,41,1,,
232,62,1,,
232,67,1,,
232,101,1,,
232,111,1,,
232,135,1,,
232,137,1,,
232,151,1,,
232,159,1,,
232,237,1,,
232,252,1,,
233,2,1,,
233,10,1,,
233,23,1,,
233,26,1,,
233,30,1,,
233,70,1,,
233,105,1,,
233,195,1,,
233,200,1,,
233,205,1,,
233,214,1,,
233,241,1,,
233,246,1,,
234,112,1,,
234,113,1,,
234,115,1,,
234,149,1,,
234,163,1,,
234,170,1,,
234,174,1,,
234,177,1,,
234,181,1,,
234,190,1,,
234,210,1,,
234,226,1,,
234,245,1,,
235,3,1,,
235,80,1,,
235,85,1,,
235,136,1,,
235,156,1,,
235,160,1,,
235,188,1,,
235,208,1,,
235,229,1,,
235,240,1,,
235,249,1,,
235,270,1,,
235,271,1,,
236,68,1,,
236,75,1,,
236,79,1,,
236,82,1,,
236,143,1,,
236,180,1,,
236,194,1,,
236,224,1,,
236,247,1,,
236,260,1,,
236,263,1,,
236,269,1,,
236,272,1,,
237,16,1,,
237,131,1,,
237,202,1,,
237,212,1,,
237,218,1,,
237,227,1,,
237,233,1,,
237,250,1,,
237,253,1,,
237,254,1,,
237,268,1,,
237,273,1,,
237,274,1,,
238,4,1,,
238,11,1,,
238,13,1,,
238,121,1,,
238,151,1,,
238,210,1,,
238,229,1,,
238,232,1,,
238,255,1,,
238,263,1,,
238,275,1,,
238,276,1,,
239,38,1,,
239,41,1,,
239,62,1,,
239,126,1,,
239,135,1,,
239,163,1,,
239,167,1,,
239,191,1,,
239,238,1,,
239,259,1,,
239,277,1,,
239,278,1,,
239,283,1,,
239,284,1,,
240,26,1,,
240,59,1,,
240,78,1,,
240,93,1,,
240,101,1,,
240,112,1,,
240,156,1,,
240,240,1,,
240,241,1,,
240,249,1,,
240,250,1,,
240,254,1,,
240,281,1,,
241,35,1,,
241,51,1,,
241,149,1,,
241,174,1,,
241,190,1,,
241,202,1,,
241,227,1,,
241,231,1,,
241,245,1,,
241,268,1,,
241,271,1,,
241,279,1,,
242,14,1,,
242,24,1,,
242,70,1,,
242,77,1,,
242,133,1,,
242,177,1,,
242,213,1,,
242,218,1,,
242,237,1,,
242,251,1,,
242,256,1,,
242,261,1,,
242,262,1,,
243,10,1,,
243,16,1,,
243,82,1,,
243,105,1,,
243,107,1,,
243,113,1,,
243,143,1,,
243,165,1,,
243,173,1,,
243,214,1,,
243,236,1,,
243,257,1,,
244,5,1,,
244,9,1,,
244,75,1,,
244,85,1,,
244,115,1,,
244,136,1,,
244,170,1,,
244,188,1,,
244,208,1,,
244,212,1,,
244,253,1,,
244,260,1,,
245,46,1,,
245,72,1,,
245,111,1,,
245,144,1,,
245,153,1,,
245,195,1,,
245,207,1,,
245,247,1,,
245,269,1,,
245,270,1,,
245,272,1,,
245,273,1,,
245,283,1,,
246,2,1,,
246,3,1,,
246,23,1,,
246,30,1,,
246,175,1,,
246,179,1,,
246,180,1,,
246,193,1,,
246,198,1,,
246,200,1,,
246,201,1,,
246,204,1,,
246,226,1,,
246,281,1,,
247,1,1,,
247,131,1,,
247,159,1,,
247,205,1,,
247,224,1,,
247,225,1,,
247,233,1,,
247,243,1,,
247,246,1,,
247,252,1,,
247,274,1,,
247,280,1,,
248,4,1,,
248,13,1,,
248,143,1,,
248,174,1,,
248,184,1,,
248,187,1,,
248,241,1,,
248,265,1,,
248,269,1,,
248,277,1,,
248,285,1,,
248,286,1,,
248,287,1,,
249,3,1,,
249,10,1,,
249,23,1,,
249,163,1,,
249,167,1,,
249,208,1,,
249,213,1,,
249,247,1,,
249,249,1,,
249,261,1,,
249,272,1,,
249,284,1,,
249,295,1,,
250,24,1,,
250,30,1,,
250,38,1,,
250,59,1,,
250,105,1,,
250,111,1,,
250,123,1,,
250,126,1,,
250,131,1,,
250,180,1,,
250,193,1,,
250,207,1,,
250,210,1,,
250,291,1,,
251,80,1,,
251,153,1,,
251,212,1,,
251,218,1,,
251,226,1,,
251,231,1,,
251,238,1,,
251,246,1,,
251,251,1,,
251,273,1,,
251,281,1,,
251,290,1,,
251,296,1,,
252,2,1,,
252,41,1,,
252,115,1,,
252,133,1,,
252,151,1,,
252,159,1,,
252,185,1,,
252,188,1,,
252,230,1,,
252,253,1,,
252,268,1,,
252,292,1,,
252,293,1,,
253,62,1,,
253,70,1,,
253,105,1,,
253,113,1,,
253,117,1,,
253,135,1,,
253,149,1,,
253,165,1,,
253,177,1,,
253,214,1,,
253,224,1,,
253,271,1,,
254,9,1,,
254,14,1,,
254,170,1,,
254,202,1,,
254,233,1,,
254,243,1,,
254,248,1,,
254,263,1,,
254,270,1,,
254,274,1,,
254,279,1,,
254,280,1,,
255,16,1,,
255,101,1,,
255,136,1,,
255,144,1,,
255,186,1,,
255,191,1,,
255,245,1,,
255,250,1,,
255,252,1,,
255,255,1,,
255,260,1,,
255,278,1,,
255,294,1,,
256,51,1,,
256,75,1,,
256,78,1,,
256,190,1,,
256,195,1,,
256,200,1,,
256,204,1,,
256,205,1,,
256,229,1,,
256,236,1,,
256,259,1,,
256,288,1,,
256,289,1,,
257,4,1,,
257,13,1,,
257,35,1,,
257,78,1,,
257,115,1,,
257,156,1,,
257,165,1,,
257,187,1,,
257,237,1,,
257,248,1,,
257,277,1,,
257,283,1,,
257,288,1,,
257,289,1,,
257,295,1,,
258,24,1,,
258,62,1,,
258,70,1,,
258,111,1,,
258,113,1,,
258,135,1,,
258,163,1,,
258,177,1,,
258,264,1,,
258,286,1,,
258,297,1,,
258,298,1,,
258,299,1,,
259,14,1,,
259,51,1,,
259,101,1,,
259,133,1,,
259,159,1,,
259,190,1,,
259,207,1,,
259,213,1,,
259,268,1,,
259,269,1,,
259,280,1,,
259,287,1,,
259,323,1,,
260,2,1,,
260,80,1,,
260,126,1,,
260,186,1,,
260,195,1,,
260,204,1,,
260,210,1,,
260,241,1,,
260,251,1,,
260,255,1,,
260,265,1,,
260,273,1,,
260,300,1,,
261,10,1,,
261,75,1,,
261,136,1,,
261,144,1,,
261,149,1,,
261,167,1,,
261,173,1,,
261,245,1,,
261,254,1,,
261,281,1,,
261,296,1,,
261,301,1,,
261,324,1,,
262,105,1,,
262,131,1,,
262,153,1,,
262,180,1,,
262,205,1,,
262,218,1,,
262,225,1,,
262,246,1,,
262,262,1,,
262,270,1,,
262,278,1,,
262,302,1,,
262,325,1,,
263,30,1,,
263,175,1,,
263,185,1,,
263,198,1,,
263,201,1,,
263,202,1,,
263,208,1,,
263,220,1,,
263,231,1,,
263,236,1,,
263,303,1,,
263,304,1,,
264,305,1,,
264,306,1,,
264,307,1,,
264,308,1,,
264,309,1,,
264,310,1,,
264,311,1,,
264,312,1,,
264,313,1,,
264,314,1,,
264,315,1,,
264,316,1,,
264,317,1,,
265,76,1,,
265,82,1,,
265,224,1,,
265,233,1,,
265,243,1,,
265,252,1,,
265,253,1,,
265,260,1,,
265,274,1,,
265,279,1,,
265,318,1,,
265,319,1,,
265,326,1,,
266,23,1,,
266,38,1,,
266,170,1,,
266,191,1,,
266,229,1,,
266,232,1,,
266,250,1,,
266,261,1,,
266,263,1,,
266,271,1,,
266,284,1,,
266,292,1,,
266,320,1,,
267,3,1,,
267,59,1,,
267,107,1,,
267,116,1,,
267,174,1,,
267,181,1,,
267,200,1,,
267,214,1,,
267,247,1,,
267,259,1,,
267,266,1,,
267,293,1,,
267,321,1,,
267,322,1,,
268,4,1,,
268,13,1,,
268,78,1,,
268,193,1,,
268,209,1,,
268,226,1,,
268,248,1,,
268,252,1,,
268,288,1,,
268,295,1,,
268,307,1,,
268,310,1,,
268,331,1,,
269,2,1,,
269,3,1,,
269,111,1,,
269,159,1,,
269,259,1,,
269,268,1,,
269,269,1,,
269,271,1,,
269,306,1,,
269,326,1,,
269,328,1,,
269,335,1,,
270,177,1,,
270,185,1,,
270,186,1,,
270,224,1,,
270,236,1,,
270,241,1,,
270,273,1,,
270,281,1,,
270,300,1,,
270,314,1,,
270,321,1,,
270,325,1,,
270,333,1,,
271,51,1,,
271,62,1,,
271,126,1,,
271,136,1,,
271,144,1,,
271,163,1,,
271,231,1,,
271,245,1,,
271,250,1,,
271,265,1,,
271,286,1,,
271,315,1,,
271,332,1,,
272,131,1,,
272,180,1,,
272,187,1,,
272,218,1,,
272,239,1,,
272,246,1,,
272,293,1,,
272,302,1,,
272,318,1,,
272,319,1,,
272,329,1,,
272,330,1,,
273,70,1,,
273,115,1,,
273,181,1,,
273,195,1,,
273,207,1,,
273,213,1,,
273,233,1,,
273,251,1,,
273,274,1,,
273,278,1,,
273,289,1,,
273,304,1,,
273,334,1,,
274,9,1,,
274,101,1,,
274,112,1,,
274,123,1,,
274,205,1,,
274,237,1,,
274,243,1,,
274,255,1,,
274,277,1,,
274,279,1,,
274,284,1,,
274,313,1,,
274,320,1,,
275,4,1,,
275,13,1,,
275,38,1,,
275,198,1,,
275,261,1,,
275,271,1,,
275,278,1,,
275,301,1,,
275,319,1,,
275,326,1,,
275,334,1,,
275,336,1,,
276,11,1,,
276,70,1,,
276,82,1,,
276,115,1,,
276,121,1,,
276,180,1,,
276,195,1,,
276,207,1,,
276,238,1,,
276,318,1,,
276,325,1,,
276,337,1,,
277,2,1,,
277,111,1,,
277,185,1,,
277,204,1,,
277,231,1,,
277,247,1,,
277,263,1,,
277,269,1,,
277,273,1,,
277,284,1,,
277,290,1,,
277,304,1,,
277,306,1,,
277,333,1,,
277,341,1,,
278,5,1,,
278,51,1,,
278,78,1,,
278,188,1,,
278,190,1,,
278,210,1,,
278,226,1,,
278,250,1,,
278,279,1,,
278,281,1,,
278,286,1,,
278,295,1,,
278,313,1,,
279,153,1,,
279,159,1,,
279,202,1,,
279,212,1,,
279,236,1,,
279,260,1,,
279,265,1,,
279,266,1,,
279,268,1,,
279,289,1,,
279,307,1,,
279,328,1,,
280,10,1,,
280,35,1,,
280,105,1,,
280,113,1,,
280,131,1,,
280,133,1,,
280,143,1,,
280,241,1,,
280,257,1,,
280,280,1,,
280,285,1,,
280,297,1,,
280,310,1,,
281,9,1,,
281,112,1,,
281,136,1,,
281,170,1,,
281,213,1,,
281,224,1,,
281,245,1,,
281,248,1,,
281,251,1,,
281,252,1,,
281,296,1,,
281,330,1,,
281,342,1,,
282,24,1,,
282,75,1,,
282,101,1,,
282,126,1,,
282,151,1,,
282,177,1,,
282,186,1,,
282,218,1,,
282,237,1,,
282,243,1,,
282,246,1,,
282,302,1,,
283,62,1,,
283,163,1,,
283,187,1,,
283,193,1,,
283,205,1,,
283,233,1,,
283,249,1,,
283,274,1,,
283,322,1,,
283,323,1,,
283,324,1,,
283,331,1,,
283,332,1,,
284,23,1,,
284,30,1,,
284,80,1,,
284,117,1,,
284,144,1,,
284,167,1,,
284,174,1,,
284,191,1,,
284,214,1,,
284,239,1,,
284,320,1,,
284,339,1,,
284,341,1,,
284,343,1,,
285,14,1,,
285,123,1,,
285,156,1,,
285,200,1,,
285,220,1,,
285,229,1,,
285,252,1,,
285,254,1,,
285,259,1,,
285,270,1,,
285,277,1,,
285,288,1,,
285,321,1,,
285,340,1,,
285,345,1,,
286,4,1,,
286,13,1,,
286,23,1,,
286,78,1,,
286,101,1,,
286,126,1,,
286,131,1,,
286,193,1,,
286,212,1,,
286,283,1,,
286,292,1,,
286,298,1,,
286,336,1,,
286,347,1,,
287,10,1,,
287,144,1,,
287,167,1,,
287,198,1,,
287,224,1,,
287,263,1,,
287,278,1,,
287,303,1,,
287,321,1,,
287,324,1,,
287,334,1,,
287,345,1,,
287,346,1,,
288,30,1,,
288,113,1,,
288,151,1,,
288,191,1,,
288,208,1,,
288,225,1,,
288,239,1,,
288,279,1,,
288,295,1,,
288,299,1,,
288,348,1,,
288,349,1,,
288,350,1,,
288,357,1,,
289,14,1,,
289,35,1,,
289,51,1,,
289,75,1,,
289,133,1,,
289,149,1,,
289,181,1,,
289,188,1,,
289,190,1,,
289,262,1,,
289,268,1,,
289,284,1,,
289,322,1,,
290,5,1,,
290,121,1,,
290,143,1,,
290,159,1,,
290,200,1,,
290,238,1,,
290,252,1,,
290,269,1,,
290,270,1,,
290,286,1,,
290,318,1,,
290,326,1,,
290,328,1,,
290,351,1,,
291,1,1,,
291,62,1,,
291,70,1,,
291,136,1,,
291,202,1,,
291,245,1,,
291,277,1,,
291,281,1,,
291,289,1,,
291,301,1,,
291,331,1,,
291,332,1,,
291,343,1,,
292,24,1,,
292,177,1,,
292,180,1,,
292,186,1,,
292,210,1,,
292,218,1,,
292,236,1,,
292,237,1,,
292,243,1,,
292,248,1,,
292,260,1,,
292,288,1,,
292,302,1,,
292,306,1,,
292,354,1,,
292,355,1,,
292,356,1,,
293,107,1,,
293,175,1,,
293,187,1,,
293,213,1,,
293,233,1,,
293,246,1,,
293,259,1,,
293,261,1,,
293,274,1,,
293,280,1,,
293,304,1,,
293,323,1,,
293,341,1,,
294,38,1,,
294,82,1,,
294,156,1,,
294,163,1,,
294,204,1,,
294,205,1,,
294,214,1,,
294,241,1,,
294,250,1,,
294,297,1,,
294,310,1,,
294,342,1,,
294,352,1,,
294,353,1,,
295,2,1,,
295,153,1,,
295,170,1,,
295,207,1,,
295,220,1,,
295,226,1,,
295,229,1,,
295,249,1,,
295,271,1,,
295,273,1,,
295,296,1,,
295,313,1,,
295,319,1,,
295,340,1,,
296,4,1,,
296,5,1,,
296,13,1,,
296,78,1,,
296,133,1,,
296,137,1,,
296,236,1,,
296,278,1,,
296,310,1,,
296,331,1,,
296,334,1,,
296,355,1,,
296,357,1,,
297,11,1,,
297,23,1,,
297,62,1,,
297,67,1,,
297,101,1,,
297,159,1,,
297,195,1,,
297,207,1,,
297,231,1,,
297,245,1,,
297,250,1,,
297,295,1,,
297,306,1,,
297,328,1,,
297,335,1,,
298,111,1,,
298,131,1,,
298,213,1,,
298,243,1,,
298,260,1,,
298,273,1,,
298,281,1,,
298,284,1,,
298,289,1,,
298,300,1,,
298,313,1,,
298,318,1,,
298,321,1,,
298,333,1,,
299,2,1,,
299,115,1,,
299,163,1,,
299,177,1,,
299,180,1,,
299,186,1,,
299,187,1,,
299,218,1,,
299,246,1,,
299,279,1,,
299,288,1,,
299,302,1,,
299,342,1,,
299,356,1,,
300,24,1,,
300,35,1,,
300,70,1,,
300,170,1,,
300,184,1,,
300,209,1,,
300,226,1,,
300,237,1,,
300,239,1,,
300,241,1,,
300,248,1,,
300,272,1,,
300,277,1,,
301,126,1,,
301,151,1,,
301,191,1,,
301,224,1,,
301,233,1,,
301,251,1,,
301,266,1,,
301,274,1,,
301,280,1,,
301,341,1,,
301,345,1,,
301,349,1,,
301,351,1,,
301,358,1,,
302,14,1,,
302,113,1,,
302,143,1,,
302,187,1,,
302,210,1,,
302,212,1,,
302,313,1,,
302,320,1,,
302,332,1,,
302,343,1,,
302,357,1,,
302,366,1,,
303,4,1,,
303,5,1,,
303,13,1,,
303,101,1,,
303,207,1,,
303,234,1,,
303,236,1,,
303,278,1,,
303,293,1,,
303,296,1,,
303,359,1,,
303,360,1,,
303,361,1,,
303,370,1,,
303,371,1,,
304,70,1,,
304,200,1,,
304,202,1,,
304,214,1,,
304,233,1,,
304,261,1,,
304,274,1,,
304,281,1,,
304,299,1,,
304,301,1,,
304,336,1,,
304,345,1,,
305,23,1,,
305,26,1,,
305,62,1,,
305,126,1,,
305,170,1,,
305,191,1,,
305,205,1,,
305,213,1,,
305,260,1,,
305,277,1,,
305,280,1,,
305,286,1,,
305,303,1,,
306,115,1,,
306,177,1,,
306,186,1,,
306,204,1,,
306,218,1,,
306,226,1,,
306,237,1,,
306,246,1,,
306,279,1,,
306,288,1,,
306,302,1,,
306,356,1,,
307,76,1,,
307,167,1,,
307,181,1,,
307,185,1,,
307,195,1,,
307,243,1,,
307,273,1,,
307,290,1,,
307,305,1,,
307,318,1,,
307,319,1,,
307,321,1,,
307,324,1,,
307,351,1,,
307,364,1,,
308,67,1,,
308,78,1,,
308,123,1,,
308,131,1,,
308,156,1,,
308,188,1,,
308,245,1,,
308,252,1,,
308,270,1,,
308,310,1,,
308,347,1,,
308,358,1,,
308,365,1,,
308,368,1,,
309,35,1,,
309,36,1,,
309,121,1,,
309,153,1,,
309,159,1,,
309,180,1,,
309,263,1,,
309,266,1,,
309,289,1,,
309,306,1,,
309,334,1,,
309,362,1,,
309,367,1,,
309,369,1,,
310,10,1,,
310,30,1,,
310,105,1,,
310,133,1,,
310,241,1,,
310,248,1,,
310,250,1,,
310,326,1,,
310,349,1,,
310,350,1,,
310,355,1,,
310,363,1,,
311,24,1,,
311,51,1,,
311,75,1,,
311,151,1,,
311,190,1,,
311,194,1,,
311,224,1,,
311,229,1,,
311,239,1,,
311,271,1,,
311,295,1,,
311,342,1,,
312,13,1,,
312,187,1,,
312,191,1,,
312,204,1,,
312,213,1,,
312,224,1,,
312,236,1,,
312,245,1,,
312,278,1,,
312,289,1,,
312,372,1,,
312,373,1,,
313,4,1,,
313,78,1,,
313,133,1,,
313,151,1,,
313,159,1,,
313,198,1,,
313,201,1,,
313,283,1,,
313,304,1,,
313,326,1,,
313,334,1,,
313,355,1,,
314,51,1,,
314,57,1,,
314,167,1,,
314,190,1,,
314,262,1,,
314,269,1,,
314,271,1,,
314,280,1,,
314,295,1,,
314,305,1,,
314,324,1,,
314,343,1,,
314,384,1,,
315,24,1,,
315,180,1,,
315,186,1,,
315,218,1,,
315,226,1,,
315,237,1,,
315,246,1,,
315,279,1,,
315,297,1,,
315,302,1,,
315,351,1,,
315,356,1,,
316,1,1,,
316,30,1,,
316,82,1,,
316,250,1,,
316,296,1,,
316,350,1,,
316,360,1,,
316,374,1,,
316,375,1,,
316,376,1,,
316,377,1,,
316,378,1,,
316,386,1,,
317,35,1,,
317,70,1,,
317,105,1,,
317,115,1,,
317,170,1,,
317,188,1,,
317,207,1,,
317,252,1,,
317,281,1,,
317,299,1,,
317,370,1,,
317,371,1,,
317,379,1,,
318,36,1,,
318,149,1,,
318,181,1,,
318,194,1,,
318,210,1,,
318,249,1,,
318,260,1,,
318,273,1,,
318,277,1,,
318,290,1,,
318,310,1,,
318,321,1,,
318,357,1,,
319,80,1,,
319,107,1,,
319,185,1,,
319,193,1,,
319,205,1,,
319,243,1,,
319,286,1,,
319,303,1,,
319,346,1,,
319,361,1,,
319,368,1,,
319,369,1,,
319,383,1,,
320,14,1,,
320,75,1,,
320,76,1,,
320,111,1,,
320,175,1,,
320,233,1,,
320,266,1,,
320,274,1,,
320,301,1,,
320,322,1,,
320,331,1,,
320,336,1,,
320,381,1,,
321,101,1,,
321,113,1,,
321,131,1,,
321,212,1,,
321,225,1,,
321,263,1,,
321,270,1,,
321,347,1,,
321,354,1,,
321,359,1,,
321,365,1,,
321,380,1,,
322,38,1,,
322,121,1,,
322,126,1,,
322,144,1,,
322,177,1,,
322,200,1,,
322,202,1,,
322,214,1,,
322,261,1,,
322,342,1,,
322,353,1,,
322,358,1,,
323,23,1,,
323,26,1,,
323,62,1,,
323,112,1,,
323,153,1,,
323,229,1,,
323,248,1,,
323,313,1,,
323,323,1,,
323,348,1,,
323,349,1,,
323,363,1,,
323,366,1,,
323,382,1,,
323,385,1,,
324,205,1,,
324,224,1,,
324,243,1,,
324,303,1,,
324,313,1,,
324,321,1,,
324,345,1,,
324,346,1,,
324,355,1,,
324,357,1,,
324,363,1,,
324,364,1,,
324,366,1,,
325,35,1,,
325,188,1,,
325,213,1,,
325,218,1,,
325,250,1,,
325,260,1,,
325,269,1,,
325,271,1,,
325,277,1,,
325,281,1,,
325,370,1,,
325,376,1,,
325,387,1,,
325,391,1,,
326,13,1,,
326,36,1,,
326,75,1,,
326,180,1,,
326,236,1,,
326,245,1,,
326,273,1,,
326,288,1,,
326,310,1,,
326,342,1,,
326,373,1,,
326,388,1,,
327,14,1,,
327,24,1,,
327,78,1,,
327,101,1,,
327,131,1,,
327,170,1,,
327,184,1,,
327,246,1,,
327,278,1,,
327,326,1,,
327,351,1,,
327,369,1,,
327,389,1,,
328,10,1,,
328,70,1,,
328,123,1,,
328,144,1,,
328,210,1,,
328,279,1,,
328,318,1,,
328,331,1,,
328,334,1,,
328,358,1,,
328,359,1,,
328,386,1,,
328,390,1,,
329,62,1,,
329,67,1,,
329,82,1,,
329,177,1,,
329,209,1,,
329,233,1,,
329,237,1,,
329,248,1,,
329,274,1,,
329,295,1,,
329,330,1,,
329,368,1,,
330,24,1,,
330,35,1,,
330,205,1,,
330,218,1,,
330,246,1,,
330,279,1,,
330,302,1,,
330,304,1,,
330,313,1,,
330,342,1,,
330,359,1,,
330,376,1,,
331,23,1,,
331,76,1,,
331,126,1,,
331,144,1,,
331,159,1,,
331,190,1,,
331,243,1,,
331,261,1,,
331,269,1,,
331,356,1,,
331,386,1,,
331,388,1,,
331,397,1,,
332,101,1,,
332,131,1,,
332,133,1,,
332,186,1,,
332,194,1,,
332,237,1,,
332,281,1,,
332,351,1,,
332,358,1,,
332,367,1,,
332,389,1,,
332,393,1,,
333,36,1,,
333,62,1,,
333,82,1,,
333,135,1,,
333,187,1,,
333,198,1,,
333,213,1,,
333,224,1,,
333,297,1,,
333,310,1,,
333,394,1,,
333,395,1,,
334,70,1,,
334,80,1,,
334,121,1,,
334,123,1,,
334,143,1,,
334,153,1,,
334,229,1,,
334,286,1,,
334,295,1,,
334,301,1,,
334,373,1,,
334,400,1,,
335,14,1,,
335,30,1,,
335,193,1,,
335,200,1,,
335,207,1,,
335,250,1,,
335,296,1,,
335,299,1,,
335,345,1,,
335,361,1,,
335,375,1,,
335,378,1,,
335,379,1,,
336,78,1,,
336,113,1,,
336,170,1,,
336,233,1,,
336,270,1,,
336,274,1,,
336,280,1,,
336,324,1,,
336,343,1,,
336,347,1,,
336,391,1,,
336,398,1,,
336,399,1,,
337,115,1,,
337,177,1,,
337,180,1,,
337,188,1,,
337,210,1,,
337,271,1,,
337,318,1,,
337,330,1,,
337,331,1,,
337,334,1,,
337,363,1,,
337,390,1,,
337,401,1,,
338,13,1,,
338,204,1,,
338,212,1,,
338,236,1,,
338,245,1,,
338,248,1,,
338,278,1,,
338,326,1,,
338,357,1,,
338,364,1,,
338,369,1,,
338,375,1,,
338,426,1,,
339,181,1,,
339,185,1,,
339,202,1,,
339,260,1,,
339,273,1,,
339,277,1,,
339,288,1,,
339,290,1,,
339,321,1,,
339,349,1,,
339,355,1,,
339,396,1,,
340,4,1,,
340,13,1,,
340,30,1,,
340,75,1,,
340,193,1,,
340,198,1,,
340,210,1,,
340,261,1,,
340,295,1,,
340,378,1,,
340,395,1,,
340,423,1,,
341,36,1,,
341,51,1,,
341,82,1,,
341,144,1,,
341,190,1,,
341,243,1,,
341,269,1,,
341,271,1,,
341,374,1,,
341,393,1,,
341,402,1,,
341,403,1,,
342,80,1,,
342,249,1,,
342,250,1,,
342,273,1,,
342,281,1,,
342,290,1,,
342,304,1,,
342,321,1,,
342,355,1,,
342,371,1,,
342,388,1,,
342,396,1,,
343,1,1,,
343,121,1,,
343,207,1,,
343,286,1,,
343,301,1,,
343,330,1,,
343,375,1,,
343,379,1,,
343,383,1,,
343,404,1,,
343,406,1,,
343,420,1,,
344,131,1,,
344,187,1,,
344,188,1,,
344,237,1,,
344,280,1,,
344,299,1,,
344,347,1,,
344,389,1,,
344,397,1,,
344,407,1,,
344,408,1,,
344,409,1,,
345,35,1,,
345,78,1,,
345,177,1,,
345,202,1,,
345,218,1,,
345,224,1,,
345,266,1,,
345,302,1,,
345,310,1,,
345,326,1,,
345,342,1,,
345,359,1,,
346,133,1,,
346,170,1,,
346,213,1,,
346,245,1,,
346,251,1,,
346,262,1,,
346,296,1,,
346,351,1,,
346,367,1,,
346,376,1,,
346,410,1,,
346,411,1,,
347,70,1,,
347,107,1,,
347,143,1,,
347,175,1,,
347,233,1,,
347,274,1,,
347,297,1,,
347,336,1,,
347,356,1,,
347,373,1,,
347,412,1,,
347,413,1,,
348,101,1,,
348,113,1,,
348,159,1,,
348,180,1,,
348,236,1,,
348,246,1,,
348,279,1,,
348,291,1,,
348,361,1,,
348,364,1,,
348,369,1,,
348,391,1,,
348,422,1,,
349,10,1,,
349,14,1,,
349,126,1,,
349,270,1,,
349,288,1,,
349,331,1,,
349,334,1,,
349,358,1,,
349,377,1,,
349,386,1,,
349,394,1,,
349,415,1,,
350,62,1,,
350,115,1,,
350,185,1,,
350,194,1,,
350,200,1,,
350,205,1,,
350,252,1,,
350,277,1,,
350,324,1,,
350,345,1,,
350,354,1,,
350,401,1,,
350,419,1,,
350,425,1,,
351,38,1,,
351,76,1,,
351,167,1,,
351,181,1,,
351,204,1,,
351,214,1,,
351,283,1,,
351,313,1,,
351,353,1,,
351,357,1,,
351,398,1,,
351,416,1,,
351,417,1,,
351,421,1,,
351,424,1,,
352,23,1,,
352,153,1,,
352,186,1,,
352,229,1,,
352,248,1,,
352,260,1,,
352,303,1,,
352,343,1,,
352,349,1,,
352,380,1,,
352,418,1,,
352,426,1,,
353,113,1,,
353,186,1,,
353,212,1,,
353,260,1,,
353,303,1,,
353,343,1,,
353,346,1,,
353,373,1,,
353,393,1,,
353,394,1,,
353,420,1,,
353,423,1,,
353,426,1,,
354,250,1,,
354,251,1,,
354,273,1,,
354,281,1,,
354,290,1,,
354,367,1,,
354,369,1,,
354,388,1,,
354,397,1,,
354,413,1,,
354,422,1,,
354,427,1,,
354,428,1,,
355,51,1,,
355,115,1,,
355,205,1,,
355,209,1,,
355,213,1,,
355,229,1,,
355,236,1,,
355,245,1,,
355,291,1,,
355,345,1,,
355,366,1,,
355,378,1,,
355,386,1,,
355,417,1,,
355,425,1,,
355,429,1,,
356,177,1,,
356,202,1,,
356,214,1,,
356,218,1,,
356,224,1,,
356,248,1,,
356,266,1,,
356,302,1,,
356,321,1,,
356,326,1,,
356,335,1,,
356,342,1,,
356,358,1,,
356,359,1,,
356,376,1,,
357,123,1,,
357,131,1,,
357,170,1,,
357,187,1,,
357,233,1,,
357,237,1,,
357,243,1,,
357,246,1,,
357,274,1,,
357,334,1,,
357,357,1,,
357,430,1,,
357,431,1,,
357,434,1,,
358,23,1,,
358,62,1,,
358,78,1,,
358,101,1,,
358,121,1,,
358,133,1,,
358,159,1,,
358,180,1,,
358,210,1,,
358,271,1,,
358,310,1,,
358,320,1,,
358,421,1,,
359,70,1,,
359,193,1,,
359,277,1,,
359,279,1,,
359,286,1,,
359,288,1,,
359,304,1,,
359,318,1,,
359,331,1,,
359,396,1,,
359,401,1,,
359,419,1,,
359,432,1,,
359,433,1,,
360,4,1,,
360,13,1,,
360,35,1,,
360,101,1,,
360,224,1,,
360,280,1,,
360,301,1,,
360,383,1,,
360,394,1,,
360,395,1,,
360,397,1,,
360,420,1,,
360,428,1,,
360,450,1,,
361,14,1,,
361,131,1,,
361,133,1,,
361,261,1,,
361,277,1,,
361,326,1,,
361,343,1,,
361,349,1,,
361,357,1,,
361,393,1,,
361,413,1,,
361,423,1,,
361,436,1,,
362,10,1,,
362,51,1,,
362,113,1,,
362,126,1,,
362,159,1,,
362,190,1,,
362,251,1,,
362,347,1,,
362,351,1,,
362,364,1,,
362,371,1,,
362,430,1,,
363,30,1,,
363,188,1,,
363,207,1,,
363,229,1,,
363,245,1,,
363,291,1,,
363,296,1,,
363,334,1,,
363,345,1,,
363,417,1,,
363,427,1,,
363,440,1,,
363,448,1,,
363,449,1,,
364,144,1,,
364,185,1,,
364,186,1,,
364,187,1,,
364,303,1,,
364,359,1,,
364,361,1,,
364,366,1,,
364,380,1,,
364,398,1,,
364,441,1,,
364,442,1,,
364,451,1,,
365,38,1,,
365,177,1,,
365,205,1,,
365,218,1,,
365,237,1,,
365,246,1,,
365,271,1,,
365,302,1,,
365,331,1,,
365,342,1,,
365,367,1,,
365,426,1,,
366,143,1,,
366,170,1,,
366,233,1,,
366,243,1,,
366,269,1,,
366,274,1,,
366,295,1,,
366,358,1,,
366,373,1,,
366,396,1,,
366,434,1,,
366,443,1,,
367,23,1,,
367,36,1,,
367,82,1,,
367,181,1,,
367,250,1,,
367,260,1,,
367,288,1,,
367,320,1,,
367,369,1,,
367,378,1,,
367,386,1,,
367,421,1,,
367,444,1,,
368,62,1,,
368,70,1,,
368,167,1,,
368,180,1,,
368,210,1,,
368,214,1,,
368,252,1,,
368,266,1,,
368,279,1,,
368,356,1,,
368,400,1,,
368,431,1,,
369,75,1,,
369,76,1,,
369,78,1,,
369,193,1,,
369,231,1,,
369,354,1,,
369,401,1,,
369,419,1,,
369,422,1,,
369,433,1,,
369,445,1,,
369,446,1,,
369,447,1,,
370,121,1,,
370,213,1,,
370,273,1,,
370,281,1,,
370,290,1,,
370,310,1,,
370,321,1,,
370,324,1,,
370,355,1,,
370,388,1,,
370,437,1,,
370,438,1,,
371,10,1,,
371,212,1,,
371,303,1,,
371,324,1,,
371,331,1,,
371,346,1,,
371,349,1,,
371,363,1,,
371,376,1,,
371,404,1,,
371,412,1,,
371,420,1,,
371,452,1,,
372,4,1,,
372,13,1,,
372,115,1,,
372,170,1,,
372,187,1,,
372,229,1,,
372,281,1,,
372,355,1,,
372,453,1,,
372,454,1,,
372,455,1,,
372,456,1,,
372,464,1,,
373,1,1,,
373,121,1,,
373,250,1,,
373,326,1,,
373,343,1,,
373,374,1,,
373,413,1,,
373,423,1,,
373,432,1,,
373,457,1,,
373,458,1,,
373,459,1,,
373,470,1,,
374,143,1,,
374,188,1,,
374,204,1,,
374,269,1,,
374,273,1,,
374,290,1,,
374,321,1,,
374,358,1,,
374,388,1,,
374,396,1,,
374,398,1,,
374,437,1,,
374,460,1,,
375,51,1,,
375,82,1,,
375,101,1,,
375,149,1,,
375,156,1,,
375,159,1,,
375,167,1,,
375,177,1,,
375,190,1,,
375,213,1,,
375,261,1,,
375,386,1,,
376,243,1,,
376,245,1,,
376,271,1,,
376,291,1,,
376,313,1,,
376,378,1,,
376,383,1,,
376,399,1,,
376,422,1,,
376,451,1,,
376,461,1,,
376,462,1,,
377,131,1,,
377,184,1,,
377,205,1,,
377,218,1,,
377,246,1,,
377,251,1,,
377,302,1,,
377,342,1,,
377,351,1,,
377,354,1,,
377,359,1,,
377,426,1,,
378,14,1,,
378,175,1,,
378,181,1,,
378,194,1,,
378,198,1,,
378,201,1,,
378,270,1,,
378,295,1,,
378,361,1,,
378,408,1,,
378,444,1,,
378,449,1,,
379,35,1,,
379,113,1,,
379,126,1,,
379,224,1,,
379,233,1,,
379,237,1,,
379,274,1,,
379,293,1,,
379,334,1,,
379,373,1,,
379,375,1,,
379,377,1,,
379,430,1,,
379,463,1,,
380,23,1,,
380,78,1,,
380,102,1,,
380,277,1,,
380,283,1,,
380,297,1,,
380,320,1,,
380,323,1,,
380,393,1,,
380,395,1,,
380,402,1,,
380,421,1,,
380,429,1,,
381,185,1,,
381,248,1,,
381,260,1,,
381,296,1,,
381,357,1,,
381,364,1,,
381,415,1,,
381,428,1,,
381,433,1,,
381,438,1,,
381,440,1,,
381,450,1,,
382,70,1,,
382,107,1,,
382,133,1,,
382,153,1,,
382,180,1,,
382,210,1,,
382,231,1,,
382,252,1,,
382,262,1,,
382,279,1,,
382,301,1,,
382,310,1,,
382,400,1,,
382,469,1,,
383,30,1,,
383,36,1,,
383,76,1,,
383,186,1,,
383,207,1,,
383,225,1,,
383,249,1,,
383,280,1,,
383,286,1,,
383,299,1,,
383,353,1,,
383,427,1,,
383,468,1,,
384,62,1,,
384,75,1,,
384,214,1,,
384,266,1,,
384,336,1,,
384,347,1,,
384,356,1,,
384,401,1,,
384,419,1,,
384,465,1,,
384,466,1,,
384,467,1,,
385,4,1,,
385,13,1,,
385,202,1,,
385,212,1,,
385,214,1,,
385,237,1,,
385,281,1,,
385,293,1,,
385,345,1,,
385,358,1,,
385,364,1,,
385,428,1,,
385,458,1,,
385,464,1,,
386,177,1,,
386,218,1,,
386,224,1,,
386,229,1,,
386,260,1,,
386,279,1,,
386,303,1,,
386,346,1,,
386,357,1,,
386,421,1,,
386,423,1,,
386,432,1,,
386,449,1,,
386,454,1,,
386,475,1,,
387,62,1,,
387,210,1,,
387,231,1,,
387,265,1,,
387,266,1,,
387,321,1,,
387,343,1,,
387,393,1,,
387,398,1,,
387,427,1,,
387,433,1,,
387,453,1,,
387,471,1,,
388,131,1,,
388,184,1,,
388,245,1,,
388,251,1,,
388,271,1,,
388,310,1,,
388,326,1,,
388,351,1,,
388,359,1,,
388,389,1,,
388,396,1,,
388,399,1,,
388,460,1,,
388,462,1,,
389,101,1,,
389,123,1,,
389,187,1,,
389,243,1,,
389,248,1,,
389,291,1,,
389,334,1,,
389,366,1,,
389,369,1,,
389,376,1,,
389,431,1,,
389,451,1,,
389,472,1,,
390,24,1,,
390,170,1,,
390,205,1,,
390,233,1,,
390,246,1,,
390,270,1,,
390,274,1,,
390,331,1,,
390,373,1,,
390,410,1,,
390,450,1,,
390,457,1,,
390,473,1,,
391,23,1,,
391,35,1,,
391,36,1,,
391,70,1,,
391,121,1,,
391,126,1,,
391,133,1,,
391,180,1,,
391,250,1,,
391,320,1,,
391,335,1,,
391,420,1,,
391,474,1,,
391,476,1,,
392,78,1,,
392,185,1,,
392,195,1,,
392,209,1,,
392,213,1,,
392,288,1,,
392,318,1,,
392,342,1,,
392,401,1,,
392,419,1,,
392,422,1,,
392,440,1,,
392,466,1,,
393,202,1,,
393,250,1,,
393,270,1,,
393,279,1,,
393,310,1,,
393,351,1,,
394,82,1,,
394,131,1,,
394,177,1,,
394,243,1,,
394,288,1,,
395,24,1,,
395,115,1,,
395,213,1,,
395,245,1,,
395,252,1,,
395,259,1,,
396,218,1,,
396,238,1,,
396,248,1,,
396,251,1,,
396,269,1,,
396,271,1,,
396,273,1,,
397,30,1,,
397,70,1,,
397,170,1,,
397,205,1,,
397,237,1,,
398,260,1,,
399,159,1,,
399,187,1,,
399,224,1,,
399,246,1,,
399,284,1,,
400,67,1,,
400,186,1,,
400,193,1,,
400,270,1,,
400,278,1,,
400,286,1,,
402,62,1,,
402,233,1,,
403,209,1,,
404,151,1,,
404,180,1,,
404,321,1,,
405,10,1,,
405,113,1,,
405,123,1,,
405,231,1,,
405,295,1,,
406,36,1,,
406,133,1,,
406,185,1,,
407,4,1,,
407,13,1,,
407,23,1,,
407,133,1,,
407,193,1,,
407,250,1,,
407,359,1,,
407,364,1,,
407,421,1,,
407,422,1,,
407,428,1,,
407,477,1,,
408,101,1,,
408,123,1,,
408,210,1,,
408,252,1,,
408,266,1,,
408,331,1,,
408,336,1,,
408,393,1,,
408,427,1,,
408,444,1,,
408,451,1,,
408,452,1,,
408,457,1,,
408,458,1,,
408,471,1,,
409,251,1,,
409,269,1,,
409,277,1,,
409,343,1,,
409,371,1,,
409,399,1,,
409,433,1,,
409,460,1,,
409,464,1,,
409,473,1,,
409,478,1,,
409,480,1,,
410,143,1,,
410,170,1,,
410,214,1,,
410,231,1,,
410,273,1,,
410,290,1,,
410,301,1,,
410,319,1,,
410,321,1,,
410,351,1,,
410,355,1,,
410,450,1,,
410,474,1,,
411,36,1,,
411,51,1,,
411,159,1,,
411,167,1,,
411,190,1,,
411,271,1,,
411,280,1,,
411,295,1,,
411,310,1,,
411,334,1,,
411,395,1,,
411,420,1,,
412,144,1,,
412,245,1,,
412,270,1,,
412,291,1,,
412,296,1,,
412,313,1,,
412,335,1,,
412,369,1,,
412,386,1,,
412,431,1,,
412,440,1,,
412,441,1,,
413,177,1,,
413,188,1,,
413,205,1,,
413,218,1,,
413,246,1,,
413,260,1,,
413,261,1,,
413,302,1,,
413,303,1,,
413,342,1,,
413,426,1,,
413,454,1,,
414,10,1,,
414,181,1,,
414,198,1,,
414,201,1,,
414,207,1,,
414,281,1,,
414,284,1,,
414,315,1,,
414,345,1,,
414,354,1,,
414,361,1,,
414,378,1,,
414,438,1,,
415,153,1,,
415,187,1,,
415,224,1,,
415,229,1,,
415,233,1,,
415,248,1,,
415,274,1,,
415,286,1,,
415,324,1,,
415,349,1,,
415,358,1,,
415,424,1,,
415,456,1,,
416,70,1,,
416,113,1,,
416,126,1,,
416,180,1,,
416,279,1,,
416,356,1,,
416,380,1,,
416,398,1,,
416,400,1,,
416,423,1,,
416,430,1,,
416,469,1,,
416,475,1,,
417,131,1,,
417,186,1,,
417,202,1,,
417,213,1,,
417,243,1,,
417,326,1,,
417,357,1,,
417,396,1,,
417,462,1,,
417,466,1,,
417,482,1,,
417,483,1,,
417,485,1,,
418,62,1,,
418,117,1,,
418,121,1,,
418,194,1,,
418,237,1,,
418,347,1,,
418,373,1,,
418,383,1,,
418,401,1,,
418,419,1,,
418,434,1,,
418,472,1,,
418,484,1,,
419,4,1,,
419,13,1,,
419,281,1,,
419,351,1,,
419,410,1,,
419,434,1,,
419,470,1,,
419,486,1,,
419,487,1,,
419,488,1,,
419,489,1,,
419,490,1,,
419,492,1,,
420,153,1,,
420,159,1,,
420,250,1,,
420,266,1,,
420,270,1,,
420,271,1,,
420,335,1,,
420,349,1,,
420,398,1,,
420,452,1,,
420,471,1,,
420,491,1,,
420,512,1,,
420,513,1,,
421,184,1,,
421,252,1,,
421,280,1,,
421,286,1,,
421,313,1,,
421,315,1,,
421,354,1,,
421,364,1,,
421,377,1,,
421,440,1,,
421,478,1,,
421,493,1,,
422,143,1,,
422,204,1,,
422,207,1,,
422,295,1,,
422,373,1,,
422,383,1,,
422,427,1,,
422,433,1,,
422,461,1,,
422,473,1,,
422,480,1,,
422,494,1,,
422,495,1,,
423,175,1,,
423,177,1,,
423,188,1,,
423,220,1,,
423,243,1,,
423,245,1,,
423,291,1,,
423,301,1,,
423,323,1,,
423,334,1,,
423,412,1,,
423,485,1,,
424,205,1,,
424,210,1,,
424,218,1,,
424,246,1,,
424,248,1,,
424,283,1,,
424,302,1,,
424,342,1,,
424,359,1,,
424,376,1,,
424,426,1,,
424,444,1,,
425,82,1,,
425,133,1,,
425,198,1,,
425,201,1,,
425,214,1,,
425,251,1,,
425,336,1,,
425,358,1,,
425,361,1,,
425,378,1,,
425,438,1,,
425,454,1,,
426,113,1,,
426,121,1,,
426,131,1,,
426,194,1,,
426,212,1,,
426,233,1,,
426,274,1,,
426,430,1,,
426,450,1,,
426,456,1,,
426,474,1,,
426,497,1,,
427,261,1,,
427,277,1,,
427,299,1,,
427,324,1,,
427,357,1,,
427,374,1,,
427,375,1,,
427,420,1,,
427,451,1,,
427,466,1,,
427,472,1,,
427,499,1,,
428,149,1,,
428,229,1,,
428,269,1,,
428,303,1,,
428,355,1,,
428,366,1,,
428,421,1,,
428,467,1,,
428,468,1,,
428,483,1,,
428,500,1,,
428,501,1,,
429,23,1,,
429,62,1,,
429,75,1,,
429,237,1,,
429,319,1,,
429,320,1,,
429,345,1,,
429,385,1,,
429,395,1,,
429,431,1,,
429,502,1,,
429,503,1,,
430,180,1,,
430,260,1,,
430,326,1,,
430,343,1,,
430,347,1,,
430,369,1,,
430,415,1,,
430,428,1,,
430,432,1,,
430,458,1,,
430,464,1,,
430,477,1,,
431,70,1,,
431,76,1,,
431,117,1,,
431,167,1,,
431,187,1,,
431,249,1,,
431,279,1,,
431,296,1,,
431,400,1,,
431,404,1,,
431,465,1,,
431,469,1,,
431,484,1,,
432,38,1,,
432,224,1,,
432,231,1,,
432,284,1,,
432,297,1,,
432,321,1,,
432,331,1,,
432,353,1,,
432,393,1,,
432,423,1,,
432,457,1,,
432,504,1,,
432,510,1,,
433,1,1,,
433,170,1,,
433,185,1,,
433,202,1,,
433,213,1,,
433,310,1,,
433,396,1,,
433,399,1,,
433,462,1,,
433,482,1,,
433,505,1,,
433,506,1,,
434,51,1,,
434,107,1,,
434,144,1,,
434,262,1,,
434,386,1,,
434,388,1,,
434,401,1,,
434,402,1,,
434,419,1,,
434,422,1,,
434,507,1,,
434,508,1,,
434,509,1,,
434,511,1,,
435,159,1,,
435,251,1,,
435,266,1,,
435,270,1,,
435,321,1,,
435,342,1,,
435,343,1,,
435,388,1,,
435,423,1,,
435,457,1,,
435,458,1,,
435,464,1,,
435,471,1,,
435,495,1,,
436,250,1,,
436,273,1,,
436,290,1,,
436,326,1,,
436,376,1,,
436,393,1,,
436,420,1,,
436,433,1,,
436,472,1,,
436,494,1,,
436,505,1,,
436,514,1,,
436,515,1,,
437,62,1,,
437,70,1,,
437,121,1,,
437,170,1,,
437,224,1,,
437,243,1,,
437,359,1,,
437,430,1,,
437,450,1,,
437,451,1,,
437,462,1,,
437,485,1,,
437,520,1,,
437,522,1,,
438,133,1,,
438,233,1,,
438,239,1,,
438,260,1,,
438,274,1,,
438,315,1,,
438,357,1,,
438,369,1,,
438,413,1,,
438,432,1,,
438,456,1,,
438,466,1,,
438,477,1,,
438,484,1,,
439,126,1,,
439,205,1,,
439,213,1,,
439,218,1,,
439,246,1,,
439,279,1,,
439,303,1,,
439,310,1,,
439,373,1,,
439,398,1,,
439,427,1,,
439,476,1,,
439,500,1,,
439,516,1,,
439,521,1,,
440,117,1,,
440,212,1,,
440,248,1,,
440,331,1,,
440,358,1,,
440,366,1,,
440,401,1,,
440,419,1,,
440,422,1,,
440,428,1,,
440,474,1,,
440,483,1,,
440,517,1,,
441,131,1,,
441,187,1,,
441,237,1,,
441,271,1,,
441,320,1,,
441,324,1,,
441,334,1,,
441,364,1,,
441,431,1,,
441,475,1,,
441,504,1,,
441,518,1,,
441,519,1,,
442,4,1,,
443,5,1,,
444,4,1,,
444,75,1,,
444,82,1,,
445,5,1,,
446,36,1,,
447,4,1,,
447,13,1,,
447,248,1,,
447,296,1,,
447,355,1,,
447,369,1,,
447,421,1,,
447,441,1,,
447,470,1,,
447,477,1,,
447,504,1,,
447,515,1,,
447,531,1,,
447,532,1,,
448,113,1,,
448,131,1,,
448,238,1,,
448,252,1,,
448,351,1,,
448,398,1,,
448,411,1,,
448,475,1,,
448,505,1,,
448,513,1,,
448,517,1,,
448,523,1,,
448,534,1,,
449,231,1,,
449,260,1,,
449,266,1,,
449,269,1,,
449,313,1,,
449,331,1,,
449,335,1,,
449,366,1,,
449,423,1,,
449,451,1,,
449,452,1,,
449,471,1,,
449,474,1,,
449,530,1,,
450,170,1,,
450,185,1,,
450,188,1,,
450,213,1,,
450,214,1,,
450,371,1,,
450,383,1,,
450,396,1,,
450,431,1,,
450,433,1,,
450,480,1,,
450,495,1,,
451,51,1,,
451,159,1,,
451,271,1,,
451,334,1,,
451,364,1,,
451,450,1,,
451,456,1,,
451,462,1,,
451,472,1,,
451,484,1,,
451,522,1,,
451,524,1,,
451,533,1,,
452,167,1,,
452,187,1,,
452,245,1,,
452,291,1,,
452,295,1,,
452,347,1,,
452,394,1,,
452,395,1,,
452,399,1,,
452,422,1,,
452,503,1,,
452,525,1,,
453,205,1,,
453,218,1,,
453,243,1,,
453,246,1,,
453,261,1,,
453,302,1,,
453,342,1,,
453,354,1,,
453,359,1,,
453,426,1,,
453,438,1,,
453,476,1,,
454,126,1,,
454,201,1,,
454,210,1,,
454,237,1,,
454,279,1,,
454,315,1,,
454,345,1,,
454,361,1,,
454,428,1,,
454,457,1,,
454,478,1,,
454,526,1,,
455,62,1,,
455,70,1,,
455,153,1,,
455,194,1,,
455,251,1,,
455,319,1,,
455,380,1,,
455,393,1,,
455,412,1,,
455,427,1,,
455,434,1,,
455,516,1,,
455,520,1,,
456,76,1,,
456,180,1,,
456,224,1,,
456,233,1,,
456,274,1,,
456,281,1,,
456,324,1,,
456,326,1,,
456,373,1,,
456,437,1,,
456,440,1,,
456,469,1,,
457,202,1,,
457,207,1,,
457,229,1,,
457,277,1,,
457,301,1,,
457,303,1,,
457,343,1,,
457,349,1,,
457,357,1,,
457,378,1,,
457,410,1,,
457,460,1,,
457,500,1,,
458,23,1,,
458,121,1,,
458,250,1,,
458,280,1,,
458,310,1,,
458,320,1,,
458,458,1,,
458,466,1,,
458,506,1,,
458,509,1,,
458,518,1,,
458,527,1,,
458,529,1,,
459,75,1,,
459,212,1,,
459,270,1,,
459,356,1,,
459,401,1,,
459,419,1,,
459,420,1,,
459,454,1,,
459,485,1,,
459,507,1,,
459,521,1,,
459,528,1,,
460,113,1,,
461,82,1,,
462,75,1,,
463,113,1,,
464,4,1,,
464,13,1,,
464,323,1,,
464,334,1,,
464,347,1,,
464,396,1,,
464,404,1,,
464,464,1,,
464,484,1,,
464,490,1,,
464,503,1,,
464,531,1,,
464,557,1,,
465,207,1,,
465,245,1,,
465,251,1,,
465,369,1,,
465,399,1,,
465,421,1,,
465,456,1,,
465,462,1,,
465,485,1,,
465,505,1,,
465,535,1,,
465,536,1,,
466,23,1,,
466,229,1,,
466,237,1,,
466,250,1,,
466,296,1,,
466,326,1,,
466,331,1,,
466,351,1,,
466,378,1,,
466,411,1,,
466,469,1,,
466,507,1,,
466,559,1,,
467,113,1,,
467,252,1,,
467,277,1,,
467,286,1,,
467,299,1,,
467,313,1,,
467,386,1,,
467,427,1,,
467,428,1,,
467,452,1,,
467,476,1,,
467,493,1,,
468,1,1,,
468,62,1,,
468,188,1,,
468,270,1,,
468,383,1,,
468,398,1,,
468,433,1,,
468,457,1,,
468,461,1,,
468,465,1,,
468,480,1,,
468,494,1,,
468,525,1,,
469,75,1,,
469,121,1,,
469,170,1,,
469,393,1,,
469,422,1,,
469,458,1,,
469,506,1,,
469,516,1,,
469,521,1,,
469,537,1,,
469,538,1,,
469,539,1,,
470,202,1,,
470,231,1,,
470,260,1,,
470,261,1,,
470,280,1,,
470,284,1,,
470,349,1,,
470,374,1,,
470,438,1,,
470,477,1,,
470,495,1,,
470,529,1,,
470,540,1,,
471,133,1,,
471,187,1,,
471,214,1,,
471,238,1,,
471,243,1,,
471,271,1,,
471,380,1,,
471,450,1,,
471,468,1,,
471,486,1,,
471,541,1,,
471,542,1,,
472,167,1,,
472,204,1,,
472,213,1,,
472,218,1,,
472,281,1,,
472,302,1,,
472,303,1,,
472,342,1,,
472,354,1,,
472,412,1,,
472,440,1,,
472,511,1,,
472,517,1,,
473,201,1,,
473,205,1,,
473,210,1,,
473,279,1,,
473,315,1,,
473,345,1,,
473,361,1,,
473,478,1,,
473,543,1,,
473,544,1,,
473,545,1,,
473,546,1,,
473,558,1,,
474,198,1,,
474,224,1,,
474,297,1,,
474,301,1,,
474,420,1,,
474,423,1,,
474,432,1,,
474,454,1,,
474,515,1,,
474,547,1,,
474,548,1,,
474,549,1,,
474,556,1,,
475,175,1,,
475,233,1,,
475,262,1,,
475,266,1,,
475,274,1,,
475,283,1,,
475,364,1,,
475,434,1,,
475,466,1,,
475,488,1,,
475,492,1,,
475,522,1,,
475,550,1,,
475,555,1,,
476,51,1,,
476,159,1,,
476,246,1,,
476,320,1,,
476,324,1,,
476,336,1,,
476,355,1,,
476,376,1,,
476,377,1,,
476,519,1,,
476,530,1,,
476,551,1,,
477,70,1,,
477,295,1,,
477,319,1,,
477,359,1,,
477,373,1,,
477,385,1,,
477,400,1,,
477,470,1,,
477,475,1,,
477,502,1,,
477,514,1,,
477,552,1,,
478,107,1,,
478,131,1,,
478,368,1,,
478,388,1,,
478,401,1,,
478,419,1,,
478,426,1,,
478,431,1,,
478,467,1,,
478,487,1,,
478,523,1,,
478,553,1,,
479,82,1,,
479,126,1,,
479,153,1,,
479,310,1,,
479,358,1,,
479,474,1,,
479,483,1,,
479,504,1,,
479,508,1,,
479,513,1,,
479,528,1,,
479,554,1,,
480,62,1,,
481,62,1,,
482,131,1,,
482,170,1,,
482,237,1,,
482,313,1,,
482,334,1,,
482,398,1,,
482,464,1,,
482,477,1,,
482,488,1,,
482,514,1,,
482,529,1,,
482,560,1,,
483,187,1,,
483,266,1,,
483,271,1,,
483,331,1,,
483,457,1,,
483,471,1,,
483,478,1,,
483,483,1,,
483,504,1,,
483,537,1,,
483,541,1,,
483,547,1,,
484,270,1,,
484,301,1,,
484,345,1,,
484,358,1,,
484,420,1,,
484,430,1,,
484,458,1,,
484,462,1,,
484,506,1,,
484,523,1,,
484,538,1,,
484,539,1,,
484,561,1,,
485,121,1,,
485,251,1,,
485,396,1,,
485,427,1,,
485,432,1,,
485,495,1,,
485,505,1,,
485,528,1,,
485,530,1,,
485,540,1,,
485,552,1,,
485,562,1,,
486,133,1,,
486,205,1,,
486,218,1,,
486,248,1,,
486,302,1,,
486,303,1,,
486,342,1,,
486,359,1,,
486,369,1,,
486,494,1,,
486,521,1,,
486,525,1,,
487,159,1,,
487,250,1,,
487,310,1,,
487,357,1,,
487,368,1,,
487,373,1,,
487,376,1,,
487,380,1,,
487,399,1,,
487,421,1,,
487,516,1,,
487,522,1,,
487,563,1,,
488,210,1,,
488,243,1,,
488,388,1,,
488,422,1,,
488,423,1,,
488,431,1,,
488,433,1,,
488,451,1,,
488,472,1,,
488,485,1,,
488,515,1,,
488,543,1,,
488,548,1,,
489,76,1,,
489,233,1,,
489,239,1,,
489,260,1,,
489,274,1,,
489,280,1,,
489,284,1,,
489,315,1,,
489,321,1,,
489,326,1,,
489,366,1,,
489,476,1,,
489,517,1,,
490,131,1,,
490,159,1,,
490,237,1,,
490,246,1,,
490,251,1,,
490,310,1,,
490,313,1,,
490,345,1,,
490,347,1,,
490,369,1,,
490,396,1,,
490,529,1,,
490,560,1,,
491,126,1,,
491,210,1,,
491,229,1,,
491,260,1,,
491,269,1,,
491,296,1,,
491,361,1,,
491,383,1,,
491,422,1,,
491,456,1,,
491,537,1,,
491,564,1,,
492,188,1,,
492,315,1,,
492,324,1,,
492,374,1,,
492,386,1,,
492,433,1,,
492,476,1,,
492,480,1,,
492,522,1,,
492,543,1,,
492,565,1,,
492,566,1,,
492,568,1,,
493,243,1,,
493,250,1,,
493,280,1,,
493,366,1,,
493,458,1,,
493,477,1,,
493,488,1,,
493,511,1,,
493,514,1,,
493,516,1,,
493,532,1,,
493,538,1,,
494,62,1,,
494,286,1,,
494,334,1,,
494,378,1,,
494,452,1,,
494,462,1,,
494,470,1,,
494,495,1,,
494,525,1,,
494,540,1,,
494,552,1,,
494,567,1,,
495,187,1,,
495,354,1,,
495,358,1,,
495,388,1,,
495,450,1,,
495,466,1,,
495,478,1,,
495,485,1,,
495,523,1,,
495,541,1,,
495,542,1,,
495,547,1,,
496,218,1,,
496,302,1,,
496,303,1,,
496,326,1,,
496,342,1,,
496,359,1,,
496,368,1,,
496,380,1,,
496,426,1,,
496,434,1,,
496,440,1,,
496,483,1,,
496,494,1,,
497,75,1,,
497,133,1,,
497,245,1,,
497,281,1,,
497,423,1,,
497,428,1,,
497,431,1,,
497,506,1,,
497,515,1,,
497,539,1,,
497,548,1,,
497,569,1,,
498,82,1,,
498,202,1,,
498,233,1,,
498,274,1,,
498,336,1,,
498,355,1,,
498,399,1,,
498,412,1,,
498,427,1,,
498,454,1,,
498,484,1,,
498,528,1,,
498,570,1,,
499,23,1,,
499,70,1,,
499,76,1,,
499,167,1,,
499,400,1,,
499,441,1,,
499,451,1,,
499,469,1,,
499,475,1,,
499,503,1,,
499,556,1,,
499,571,1,,
499,574,1,,
500,170,1,,
500,277,1,,
500,301,1,,
500,336,1,,
500,349,1,,
500,373,1,,
500,401,1,,
500,419,1,,
500,420,1,,
500,421,1,,
500,457,1,,
500,572,1,,
500,573,1,,
501,205,1,,
501,271,1,,
501,319,1,,
501,398,1,,
501,438,1,,
501,474,1,,
501,504,1,,
501,505,1,,
501,513,1,,
501,517,1,,
501,530,1,,
501,554,1,,
502,170,1,,
502,277,1,,
502,286,1,,
502,313,1,,
502,345,1,,
502,364,1,,
502,432,1,,
502,434,1,,
502,466,1,,
502,477,1,,
502,493,1,,
502,517,1,,
502,534,1,,
502,546,1,,
503,113,1,,
503,315,1,,
503,361,1,,
503,369,1,,
503,456,1,,
503,467,1,,
503,475,1,,
503,502,1,,
503,532,1,,
503,553,1,,
503,564,1,,
503,567,1,,
503,573,1,,
504,75,1,,
504,245,1,,
504,260,1,,
504,376,1,,
504,378,1,,
504,433,1,,
504,480,1,,
504,541,1,,
504,574,1,,
504,575,1,,
504,576,1,,
504,577,1,,
505,233,1,,
505,281,1,,
505,299,1,,
505,301,1,,
505,356,1,,
505,428,1,,
505,430,1,,
505,528,1,,
505,529,1,,
505,578,1,,
505,579,1,,
505,580,1,,
506,121,1,,
506,181,1,,
506,270,1,,
506,349,1,,
506,383,1,,
506,399,1,,
506,420,1,,
506,461,1,,
506,476,1,,
506,487,1,,
506,568,1,,
506,581,1,,
507,271,1,,
507,347,1,,
507,423,1,,
507,440,1,,
507,457,1,,
507,458,1,,
507,478,1,,
507,484,1,,
507,516,1,,
507,538,1,,
507,544,1,,
507,571,1,,
507,593,1,,
508,131,1,,
508,204,1,,
508,207,1,,
508,396,1,,
508,494,1,,
508,495,1,,
508,525,1,,
508,530,1,,
508,540,1,,
508,561,1,,
508,572,1,,
508,582,1,,
508,594,1,,
508,595,1,,
509,237,1,,
509,251,1,,
509,296,1,,
509,326,1,,
509,385,1,,
509,404,1,,
509,488,1,,
509,490,1,,
509,492,1,,
509,558,1,,
509,583,1,,
509,584,1,,
510,133,1,,
510,210,1,,
510,368,1,,
510,422,1,,
510,438,1,,
510,450,1,,
510,451,1,,
510,486,1,,
510,503,1,,
510,506,1,,
510,542,1,,
510,545,1,,
510,597,1,,
511,76,1,,
511,218,1,,
511,243,1,,
511,302,1,,
511,342,1,,
511,359,1,,
511,426,1,,
511,454,1,,
511,470,1,,
511,511,1,,
511,565,1,,
511,566,1,,
511,585,1,,
512,62,1,,
512,126,1,,
512,159,1,,
512,175,1,,
512,187,1,,
512,250,1,,
512,310,1,,
512,324,1,,
512,334,1,,
512,388,1,,
512,412,1,,
512,563,1,,
512,596,1,,
513,202,1,,
513,279,1,,
513,297,1,,
513,358,1,,
513,424,1,,
513,462,1,,
513,515,1,,
513,539,1,,
513,548,1,,
513,552,1,,
513,569,1,,
513,586,1,,
513,598,1,,
514,23,1,,
514,283,1,,
514,284,1,,
514,320,1,,
514,336,1,,
514,373,1,,
514,483,1,,
514,509,1,,
514,522,1,,
514,555,1,,
514,570,1,,
514,587,1,,
515,70,1,,
515,149,1,,
515,229,1,,
515,269,1,,
515,400,1,,
515,465,1,,
515,468,1,,
515,485,1,,
515,514,1,,
515,537,1,,
515,588,1,,
515,589,1,,
516,82,1,,
516,262,1,,
516,319,1,,
516,331,1,,
516,374,1,,
516,401,1,,
516,419,1,,
516,469,1,,
516,474,1,,
516,508,1,,
516,590,1,,
516,591,1,,
517,265,1,,
517,398,1,,
517,427,1,,
517,431,1,,
517,452,1,,
517,504,1,,
517,513,1,,
517,523,1,,
517,543,1,,
517,551,1,,
517,554,1,,
517,556,1,,
518,599,1,,
518,457,1,,
518,250,1,,
518,528,1,,
518,567,1,,
518,210,1,,
518,541,1,,
518,587,1,,
518,573,1,,
518,597,1,,
518,600,1,,
518,509,1,,
519,478,1,,
519,516,1,,
519,251,1,,
519,233,1,,
519,578,1,,
519,579,1,,
519,589,1,,
519,345,1,,
519,576,1,,
519,315,1,,
519,601,1,,
519,431,1,,
520,596,1,,
520,458,1,,
520,561,1,,
520,243,1,,
520,432,1,,
520,369,1,,
520,574,1,,
520,454,1,,
520,537,1,,
520,260,1,,
520,602,1,,
520,334,1,,
521,427,1,,
521,488,1,,
521,376,1,,
521,552,1,,
521,433,1,,
521,603,1,,
521,456,1,,
521,474,1,,
521,495,1,,
521,523,1,,
521,584,1,,
521,483,1,,
522,507,1,,
522,342,1,,
522,401,1,,
522,569,1,,
522,420,1,,
522,423,1,,
522,313,1,,
522,566,1,,
522,237,1,,
522,302,1,,
522,218,1,,
522,205,1,,
523,301,1,,
523,202,1,,
523,532,1,,
523,358,1,,
523,373,1,,
523,515,1,,
523,159,1,,
523,517,1,,
523,452,1,,
523,548,1,,
523,539,1,,
523,76,1,,
524,359,1,,
524,133,1,,
524,187,1,,
524,571,1,,
524,271,1,,
524,572,1,,
524,494,1,,
524,422,1,,
524,522,1,,
524,121,1,,
524,604,1,,
524,605,1,,
525,514,1,,
525,440,1,,
525,170,1,,
525,466,1,,
525,530,1,,
525,396,1,,
525,281,1,,
525,504,1,,
525,331,1,,
525,513,1,,
525,554,1,,
525,529,1,,
